id,title,channel_name,impressions,age_0_9,age_10s,age_20s,age_30s,age_40s,age_50_plus,gender_male,gender_female,reason
tXHogd_UhZU,ë‘ë¶€ë¬´ì¹¨ ê°„ë‹¨í•˜ì§€ë§Œ ê°„ì„ 000ìœ¼ë¡œ í•´ì¤˜ì•¼ì§€ ë§›ìˆì–´ìš”!,ëšë”±Tooktak,167.0,0.0,0.05,0.2,0.35,0.25,0.15,0.1,0.9,"The channel and content focus on home cooking, particularly tofu dish, which is generally more appealing to a female audience, especially among those interested in household cooking. The age distribution reflects typical engagement from adults in their 30s and 40s who often seek practical cooking content."
kSOa4RQpmF4,ì˜›ë‚ ì˜¤ì´ì§€ ë‹´ê·¸ëŠ” ê¸°ë°œí•œ ë¹„ë²• ì•Œë ¤ë“œë¦½ë‹ˆë‹¤,ê¹€ëŒ€ì„ ì…°í”„TV,151.0,0.0,0.05,0.15,0.3,0.3,0.2,0.2,0.8,"The video focuses on traditional Korean recipes, which are often of interest to women, particularly homemakers and those interested in cooking. The age distribution reflects the likelihood of older adults (30s and above) being more interested in preserving traditional food methods."
0azianP4Blw,ğŸš«ë±ƒì‚´ë¹ ì§ ì£¼ì˜ğŸš« ì „ì‹  ìœ ì‚°ì†Œ ë‹¤ì´ì–´íŠ¸ ëŒ„ìŠ¤ (feat.10kg ê°ëŸ‰),ì—„ë§ˆTV,104.0,0.0,0.05,0.35,0.4,0.15,0.05,0.1,0.9,"The channel name 'ì—„ë§ˆTV' suggests a female-focused audience, likely mothers interested in fitness. The video involves an aerobic dance routine for weight loss, which attracts a primarily female audience, predominantly in their 20s to 40s."
caecEhYBq8s,[ì¹œì ˆí•œ ì„ ì£¼ì”¨] ìµœì¢…í™” í•©ë™ê²°í˜¼ì‹! ì€í˜œ ê°šì€ ì§„ì¤‘ë°°,ë¦¬ë·°ì–´ë•Œ,235.0,0.0,0.0,0.2,0.5,0.3,0.0,0.2,0.8,"The channel name 'ë¦¬ë·°ì–´ë•Œ' suggests a focus on reviews, but the content is heavily focused on family drama and relationships, indicating a predominantly female audience. The storyline about family connections and weddings likely appeals to viewers in their 30s and 40s."
K-TIPd9ZPzc,ë“œë””ì–´ ìš”ì•„ì •!! ìš”ì•„ì •í† í•‘ ëœë¤ë½‘ê¸°ë¡œ ì£¼ë¬¸í•˜ê¸°ğŸ¦ì´ê²Œ ì™œ ì§€ì˜¥ë¶ˆ ì—ë””ì…˜ì´ ëì§€?,ë‹¤ëŒëƒ¥-Daram Slime,100.0,0.0,0.7,0.25,0.05,0.0,0.0,0.2,0.8,"The content revolves around ice cream topping selection and uses playful language, appealing more to younger audiences, especially teens. The channel name and style suggest a more female-oriented content demographic."
zXmOb3cTj14,"(ì‹ ì²­ì‚¬ì—°) ì¹œí˜•ì´ ì¼ì° ì„¸ìƒ ë– ë‚¬ì§€ë§Œ ë‚¨ì€ ì‹œë™ìƒì„ ëŒ€í•™ ê°ˆ ë•Œê¹Œì§€ ë„ì‹œë½ ì‹¸ì¤€ í° í˜•ìˆ˜ê°€ ì„¸ì‚¬ì„ ë– ë‚˜ëŠ” ë‚  "" ìš°ë¦¬ ë„ë ¨ë‹˜ [ì‚¬ì´ë‹¤ì‚¬ì—°][ê°ë™ì‚¬ì—°][ë¼ë””ì˜¤ ë“œë¼ë§ˆ][ì˜¤ë””ì˜¤ë¶]",ë„ë¼í•˜ì˜ ì‚¬ì—°ë“œë¼ë§ˆ,110.0,0.0,0.05,0.2,0.4,0.25,0.1,0.2,0.8,"The video is from a channel that shares emotional and touching stories, likely appealing more to a mature audience. The script suggests themes of family, marriage, and nostalgia, which may attract predominantly female viewers aged 30-50."
iS4dpN5vXYA,ì‹ í˜¼ì—¬í–‰ ì¶œêµ­ ì „ ê²°í˜¼í›„ê¸° ë¼ì´ë¸Œ,ë‹ˆì–¼êµ´_ì€í˜œì”¨ Eun hye,146.0,0.0,0.0,0.5,0.4,0.1,0.0,0.2,0.8,"The channel name suggests a personal, lifestyle-oriented content, likely attracting more female viewers. The video discusses post-wedding experiences, appealing to adult viewers in their 20s and 30s."
5glcNo_rUNk,ì‹ì€ë°¥ì´ ìˆë‹¤ë©´ ì´ë ‡ê²Œ í•´ë³´ì„¸ìš” ì•„ì¹¨ ì‹ì‚¬ë¡œ ìµœê³ ì…ë‹ˆë‹¤,ê¹€ëŒ€ì„ ì…°í”„TV,317.0,0.0,0.0,0.05,0.2,0.35,0.4,0.15,0.85,"The channel focuses on home cooking, which typically attracts a female audience, specifically housewives and older adults who are interested in home meals. The recipe's focus on beef and vegetable porridge appeals to both middle-aged and older audiences, who are likely to be more health-conscious."
vgxsq_RW7dI,"ê°ê°ì´ ë¯¸ì³ë²„ë¦° ìµœí™”ì • ìƒˆë¡œìš´ ì£¼ë°© ì¸í…Œë¦¬ì–´ ìµœì´ˆê³µê°œ (+ì—´ë¬´êµ­ìˆ˜, í•´ì™¸ì§êµ¬ ê¿€íŒ)",ì•ˆë…•í•˜ì„¸ìš” ìµœí™”ì •ì´ì—ìš”,297.0,0.0,0.05,0.15,0.3,0.35,0.15,0.2,0.8,"The channel focuses on home interior and lifestyle, appealing to primarily women interested in such topics. The content likely attracts viewers in their 30s and 40s, who are typically interested in home decor and lifestyle improvements."
iYf_LVRJqlw,3kg ì°Œê³  ì˜¨ 1ë°•2ì¼ ëŒ€êµ¬ ì—¬í–‰ ë¨¹ë°© ë¸Œì´ë¡œê·¸ | ëŒ€êµ¬ë§‰ì°½ ì•¼ë¼ìš°ë™ ìˆ˜ìœ¡ë°±ë°˜ ëŒ€êµ¬ë¹µíˆ¬ì–´ ì«€ë“ë¹µ ë¹„ë¹”ë§Œë‘ ì–‘ë…ì¹˜í‚¨ ê¹€ì¹˜ì°œ ì˜¤ì§•ì–´ë³¶ìŒ ë¼ë©´ ìƒŒë“œìœ„ì¹˜ ëŒ€êµ¬ë§›ì§‘ Mukbang VLOG,ê°ìë§¤ Potato sister,101.0,0.0,0.1,0.6,0.2,0.1,0.0,0.1,0.9,"The channel 'ê°ìë§¤ Potato sister' appears to focus on lifestyle and travel vlogs, which are typically more popular among young female audiences, especially those in their 20s. The content, centered around a food vlog, also aligns with interests common among young adults."
pe-p4xtxmQc,ğŸ’šë§ˆëŠ˜ì«‘ ì‚­í˜ë§ê³  ì´ë ‡ê²Œ í•˜ë©´ 1ë…„ ë™ì•ˆ ì•„ì‚­ 10ë°° ë§›ìˆì–´ìš”,í•¨ê»˜í•´ìš” ë§›ë‚˜ìš”ë¦¬,198.0,0.0,0.0,0.1,0.3,0.4,0.2,0.1,0.9,"The channel focuses on home cooking and recipes, which typically attracts a female audience. The content is about preparing garlic scapes, suggesting a target audience of home cooks aged 30-50 who are interested in traditional cooking methods."
m3DE9IzpOas,ì¤€ë²” : ì•„â€¦ ì—¬í–‰ í˜¼ì ì˜¬ê±¸ ;,í™í˜„í¬ ì œì´ì“´ì˜ í™ì“´TV,280.0,0.1,0.05,0.25,0.4,0.15,0.05,0.2,0.8,"The channel 'í™í˜„í¬ ì œì´ì“´ì˜ í™ì“´TV' is known for family-oriented content, appealing primarily to women in their 20s to 40s. The script involves family and child activities, typical of content aimed at mothers and families."
5m9jjZGPu_8,ê°•ë¬¸ê²½(ã‚«ãƒ³ãƒ ãƒ³ã‚®ãƒ§ãƒ³) - ì°¸íšŒ(æ‡ºæ‚”)ï½œí•œì¼í†±í…ì‡¼ 47íšŒ,MBN MUSIC,103.0,0.0,0.05,0.1,0.2,0.3,0.35,0.2,0.8,"The video is a music performance on MBN MUSIC, likely targeting older audiences fond of classic or traditional songs. The content and emotional theme of the song appeal more to females and older generations."
La2eMEQ9VEI,â€»í˜ˆì•• ì£¼ì˜â€» ë‚´ í¸ì´ ì•„ë‹ˆê³  ë‚¨ì˜ í¸ì´ë¼ ë‚¨í¸ğŸ’¢ ì•„ë‚´ë“¤ í™”ë³‘ ê±¸ë¦¬ê¸° ë”± ì¢‹ì€ ê¸ˆìª½ì´ ë‚¨í¸ ì‚¬ì—° ëª¨ìŒğŸ’¦ #ê¹€ì°½ì˜¥ì‡¼3,tvN STORY í‹°ë¹„ì—” ìŠ¤í† ë¦¬,103.0,0.0,0.05,0.2,0.35,0.3,0.1,0.2,0.8,"The video is about marriage and relationship issues, which often attracts a middle-aged audience. Given the emotional and relationship-focused content, it likely appeals more to women in their 30s and 40s."
q24RNcZJCGg,[VLOG] ì‹œë¦¬ë„ë¡ ëˆˆë¶€ì‹  íƒœìš”ë¯¸ë„¤ ì¼ìƒ ë¸Œì´ë¡œê·¸ğŸª½,íƒœìš”ë¯¸ë„¤,115.0,0.6,0.15,0.1,0.1,0.03,0.02,0.2,0.8,"The video script indicates a family vlog with a focus on daily life involving children, making it appealing mainly to a young audience, especially parents with small kids. The channel name and title suggest a personal vlog style that typically attracts female viewers interested in family and parenting content."
VW81qRBEvug,ê¹€ì¹˜ë¹Œë”-(ê¹€ëª…í¬ ì„ ìƒë‹˜ì˜ ê°œì„±ì‹ ì˜¤ì´ì†Œë°•ì´)í¸ ì¡°ë¦¬ê¸°ëŠ¥ì¥ì˜ ì§€ì‹ê³¼ ì „í†µìš”ë¦¬ ê°•ì˜ ê³µê°œ!,ê¹€ì¹˜ë¹Œë”,106.0,0.0,0.0,0.2,0.4,0.3,0.1,0.2,0.8,"The channel focuses on traditional Korean cooking, appealing mainly to females interested in culinary arts. The content is detailed and instructional, likely attracting viewers in their 30s and 40s who are interested in traditional home cooking."
v3BJ66pWyzk,[ê³ êµ­ë°©ë¬¸ ì¸ê°„ê·¹ì¥1ë¶€] ê³µì§œë¡œ í•œêµ­ì˜¤ê¸° ì‰½ì§€ì•Šë„¤...ğŸ›© ìŠ¹ë¬´ì› ê²½ì§„ì”¨ì˜ ê³ êµ­ë°©ë¬¸ ë¸Œì´ë¡œê·¸ ì œ 1í™”,ì½œë¯¸ì§„ callmejin,125.0,0.05,0.15,0.3,0.25,0.15,0.1,0.2,0.8,"The channel 'ì½œë¯¸ì§„ callmejin' appears to focus on family and travel-related vlogs, which often attract a predominantly female audience. The content of the script suggests a family-oriented vlog, likely appealing to viewers in their 20s to 40s, particularly women interested in family and lifestyle content."
LKDhWbpLLeU,ì‡¼í•‘ì—¬ì™• ìµœí™”ì •ì´ ìŒ“ì•„ë‘ê³  ë¨¹ê³  ì“°ëŠ” 'ìŸì—¬í…œ TOP20' (+ì°½ê³ ëŒ€ë°©ì¶œ),ì•ˆë…•í•˜ì„¸ìš” ìµœí™”ì •ì´ì—ìš”,260.0,0.0,0.1,0.5,0.3,0.1,0.0,0.1,0.9,"The channel is run by actress Choi Hwa-jung, known for her influence in lifestyle and shopping content. The video focuses on shopping and lifestyle tips, typically appealing to a mostly female audience in their 20s and 30s."
_RMKvnhKGo0,ì—„ë§ˆ ëª°ë˜ ì—¬ìì¹œêµ¬ì™€ 100ì¼ ê¸°ë… ì†œì‚¬íƒ• ASMRğŸ’•,ì¡°ì¬ì›,215.0,0.0,0.2,0.5,0.2,0.1,0.0,0.2,0.8,"The video appears to be a humorous and relatable ASMR content, often appealing to younger audiences, particularly in their 20s. The focus on relationship dynamics and the ASMR aspect tends to attract a predominantly female audience."
N3wbT8tU1sw,"[SUB] ì´ì¬ëª…, ì‚¼ì‹œ ì„¸ë¼ ì§‘ë°¥ì‚¬ë‘ â€˜ì™¸ì‹ í•˜ê³ í”ˆ ì•„ë‚´â€™ @ë™ìƒì´ëª½ 2 - ë„ˆëŠ” ë‚´ ìš´ëª… 2íšŒ 20170717",SBS Entertainment,166.0,0.0,0.05,0.3,0.4,0.2,0.05,0.2,0.8,"The content features domestic situations and meal preparation, which tends to attract female viewers, particularly those in their 30s and 40s. This type of content often appeals to those interested in family life and home dynamics."
RYD_QTIxqH4,"ìì‹ì˜ ë°°ì‹ ì´ ì˜¤íˆë ¤ ""ì¸ìƒì„ ë°”ê¿¨ìŠµë‹ˆë‹¤"" ì–´ë¨¸ë‹ˆì˜ ë†€ë¼ìš´ ë°˜ì „ ì¸ìƒ | ë¶€ëª¨ìì‹ | ë…¸ë…„ |",í™©ê¸ˆë¹›ë§ë…„,273.0,0.0,0.0,0.05,0.15,0.2,0.6,0.2,0.8,"The channel 'í™©ê¸ˆë¹›ë§ë…„' focuses on senior life stories, appealing mainly to an older audience, especially those over 50. The content discusses family dynamics and life lessons, which are typically of more interest to a female audience, particularly older women."
MOSkVWUiuZI,"ğŸŒ›5ë¶„ì•ˆì— ê¹Šì€ ì ì— ë¹ ì§€ëŠ” ì˜›ë‚ ì´ì•¼ê¸° | ì ì˜¤ëŠ”ì´ì•¼ê¸° | ë™í™”ì±…ì½ì–´ì£¼ê¸°| ì ì˜ë•Œë“£ëŠ” | êµ¬ì „,ì„¤í™” | ì¤‘ê°„ê´‘ê³ ì—†ëŠ” |ASMR",ë‹¬ë‹˜ì±…ë°©,148.0,0.05,0.05,0.1,0.3,0.3,0.2,0.2,0.8,"The channel 'ë‹¬ë‹˜ì±…ë°©' and the ASMR sleep story theme attract primarily adults, especially those interested in calming content. The use of traditional storytelling and ASMR appeals more to a female audience, typical of relaxing and soothing content."
Y9Xurt41j_U,ì‘¥ ì „ì— ì´ ê°€ë£¨ë¥¼ ë„£ì—ˆë”ë‹ˆ ë§›ìˆë‹¤ê³  ë‚œë¦¬ë‚¬ì–´ìš”,ê¹€ëŒ€ì„ ì…°í”„TV,275.0,0.0,0.0,0.1,0.4,0.3,0.2,0.2,0.8,"The channel 'ê¹€ëŒ€ì„ ì…°í”„TV' focuses on traditional Korean cooking, often appealing to homemakers and older audiences. The content involves cooking with seasonal ingredients, which generally attracts females in their 30s and 40s who are interested in home cooking and family meals."
c-GdSqPIroM,ì˜¤ì´! ì•„ì§ë„ ë³µì¡í•˜ê²Œ ë“œì„¸ìš”? ì´ë ‡ê²Œ ë§Œë“œë©´ ì˜¨ ì‹êµ¬ê°€ ë‹¬ë ¤ë“¤ì–´ ìˆœì‹ê°„ì— ë™ë‚˜ìš”ğŸ‘ì˜¤ì´ê¹€ì¹˜ë³´ë‹¤ ë§›ìˆëŠ” ì˜¤ì´ë¬´ì¹¨ ì˜¤ì´ìƒëŸ¬ë“œ ì˜¤ì´ê¹ë‘ê¸° ğŸ’¯ğŸ¥‡,ë¬˜ì‹ë‹¹ Rabbit's,488.0,0.0,0.0,0.15,0.35,0.35,0.15,0.1,0.9,"The content revolves around home cooking recipes, which typically attract a female audience, particularly homemakers or individuals interested in cooking. The age distribution suggests a focus on 30s and 40s as the video content is about making dishes for family meals, which resonates with adults managing family diets."
M93MENL0zLM,ì—¬ìë¥¼ ë§Œì¡±ì‹œí‚¤ëŠ” ì‚¬ì´ì¦ˆ OOCM. ë³„ê±¸ ë‹¤ë„£ëŠ” ì—¬ìë“¤. ì•ˆì—ì„œ ë‚˜ì˜¨ ì¶©ê²©ì ì¸ 'ì´ê²ƒ'..? ì„¹Xë¥¼ ë§ì´í•´ì•¼ë˜ëŠ” ì§„ì§œ ì´ìœ (á„‹á…µá„‹á…²á„†á…µ á„‹á…¯á†«á„Œá…¡á†¼ /á„Œá…¥á†«á„á…¦á„á…©á†¼á„’á…¡á†¸),ë– ë¨¹ì—¬ì£¼ëŠ”TV,117.0,0.0,0.0,0.3,0.5,0.2,0.0,0.1,0.9,"The video content, focusing on women's health and gynecology, is likely to attract a predominantly female audience. The detailed and mature subject matter suggests an appeal to adults, particularly those in their 30s and 40s who might be more concerned with these topics."
wHy9WSI20po,ì„ì˜ì›… [Q] ì‚¬ë‘ì˜ì½œì„¼íƒ€ (ENG),ì„ì˜ì›…,110.0,0.0,0.05,0.15,0.3,0.3,0.2,0.2,0.8,"Lim Young Woong is a famous trot singer in South Korea, appealing to a predominantly middle-aged to older female audience. The romantic and emotional nature of the song further attracts viewers in the 30s to 50s age range."
8NdCnkwo4RY,"ë°”ì„¸ë¦°ë§Œ ë°”ë¥´ë©´ íš¨ê³¼ ì—†ì–´ìš”! ì•„ë¬´ë„ ëª°ëë˜ ë°”ì„¸ë¦° ê¿€íŒ 4ê°€ì§€ã…£ë°”ì„¸ë¦°ìœ¼ë¡œ ì£¼ë¦„ ì—†ì• ëŠ” ë°©ë²•! (ì–¼êµ´ì£¼ë¦„, ì£¼ë¦„ê´€ë¦¬, ì£¼ë¦„ì¼€ì–´)",ì£¼ë¦„ì¡ëŠ”ì˜ì‚¬ ì´ì¬ìš´,119.0,0.0,0.05,0.2,0.35,0.3,0.1,0.2,0.8,"The channel focuses on skincare, which generally attracts a predominantly female audience. The topic of wrinkle prevention is mostly relevant to viewers aged 30 and above, contributing to the age distribution."
G8G-K4QaPSA,[ì•¼ë‹´ì•„ì”¨ ëª°ì•„ë³´ê¸°11] í°ë§ˆë‹˜ì˜ ëª¨ë‚œ ì„±ê²©ì„ í™•ì‹¤í•˜ê²Œ ê³ ì³ë²„ë¦° ë¹„ê²°ì€... ì™¸ 2í¸ï½œì•¼ë‹´ Â· ì•¼í™” Â· ì¡°ì„  Â· ì˜›ë‚ ì´ì•¼ê¸° Â· ì„¤í™” Â· ë¯¼ë‹´ Â· ì „ì„¤,ì•¼ë‹´ì•„ì”¨,311.0,0.0,0.05,0.2,0.3,0.3,0.15,0.2,0.8,"The channel 'ì•¼ë‹´ì•„ì”¨' and the script suggest content focused on historical stories with adult themes, likely appealing more to an older demographic. The content's themes and storytelling style, more akin to traditional narratives, would attract predominantly female viewers interested in melodrama and historical romance."
u_nc-t4oHfw,"ë³¼ë¹¨ê°„ì‚¬ì¶˜ê¸°(BOL4)ì˜ í‚¬ë§ë³´ì´ìŠ¤ë¥¼ ë¼ì´ë¸Œë¡œ!-ë‚˜ë§Œ ë´„, ì—¬í–‰, ë‚˜ì˜ ì‚¬ì¶˜ê¸°ì—ê²Œ, Seoul, Love story, ìš°ì£¼ë¥¼ ì¤„ê²Œ, ì¸ íƒˆêº¼ì•¼, ì¢‹ë‹¤ê³  ë§í•´ | ë”©ê³ ë®¤ì§",ë”©ê³  ë®¤ì§ / dingo music,152.0,0.05,0.15,0.4,0.25,0.1,0.05,0.2,0.8,"The channel 'dingo music' is known for showcasing K-pop and indie music, often appealing to a younger, predominantly female audience. The featured artist, BOL4, has a strong fan base among young women in their teens and twenties, influencing the gender and age distribution."
F-Jd4kI6rdM,ì „ì‹  ë‹¤ì´ì–´íŠ¸ ìµœê³ ì˜ ìš´ë™ [ì¹¼ì†Œí­ ë§ˆë¼ë§›ğŸ”¥],Thankyou BUBU,352.0,0.0,0.05,0.5,0.3,0.1,0.05,0.2,0.8,"The channel 'Thankyou BUBU' is known for fitness and exercise content, which typically attracts a female audience. The title 'ì „ì‹  ë‹¤ì´ì–´íŠ¸ ìµœê³ ì˜ ìš´ë™' suggests weight loss and fitness, which often appeals to women in their 20s and 30s."
MPyvBYaCoLc,aespa - 'Whiplash' Dance Practice [MIRRORED],BLACK CAT,121.0,0.0,0.65,0.3,0.05,0.0,0.0,0.2,0.8,"The video is related to aespa, a popular K-pop girl group, with a dance practice theme. K-pop content typically attracts a younger audience, predominantly teenage and female fans."
wwxBsPDJaps,"ë°”ë‚˜ë‚˜ì™€ í•¨ê»˜ ë¨¹ìœ¼ë©´ ë³´ì•½ë˜ëŠ” ìŒì‹ 3ê°€ì§€ì™€ ë ˆì‹œí”¼ ì´ì •ë¦¬! ê°’ë¹„ì‹¼ ì˜ì–‘ì œ ëŒ€ì‹  'ì´ê²ƒ' ë“œì„¸ìš” ë³€ë¹„ì— ì¢‹ì€ ìŒì‹, ë¶ˆë©´ì¦ì— ì¢‹ì€ ìŒì‹",ì‹œë‹ˆì–´ê±´ìƒTV,127.0,0.0,0.01,0.02,0.1,0.17,0.7,0.2,0.8,"The channel 'ì‹œë‹ˆì–´ê±´ìƒTV' suggests content targeted at older viewers, likely 50+ due to health-focused topics like insomnia and digestive health. The script emphasizes topics appealing to women, such as health and diet advice, which often draw a predominantly female audience."
HudTGfYF0Ug,"ì¼í• ë•Œ ë“£ê¸°ì¢‹ì€ ë°œë¼ë“œ ì¶”ì²œ ê´‘ê³ ì—†ëŠ” ë…¸ë˜ëª¨ìŒ - ìœ íŠœë¸Œ ë² ìŠ¤íŠ¸ê³¡ TOP BEST 100 - ì„ì°½ì •,ì„±ì‹œê²½,ë”ì›,ë°±ì§€ì˜,ê¹€í•„,ì–‘íŒŒ,ì´ìŠ¹ê¸°,ì™ìŠ¤,ê¹€ë²”ìˆ˜,ì†Œìš¸ìŠ¤íƒ€,ì›í‹°ë“œ",K-POP ë°œë¼ë“œ ê°ì„± 2025,182.0,0.0,0.1,0.6,0.2,0.1,0.0,0.2,0.8,"The channel focuses on K-POP ballads, which typically attract a younger and mostly female audience. The artists mentioned and the romantic nature of the lyrics appeal more to people in their 20s and 30s, heavily skewed towards women."
wzcArQWO2kU,[ENG/JPN] ë·°í‹°ê³„ 1ì¸ìê°€ ì•Œë ¤ì£¼ëŠ” ì•„ë¬´ë„ ëª°ëë˜ K-POP ì•„ì´ëŒ ë©”ì´í¬ì—…ì˜ ë¹„ë°€ l TXT(íˆ¬ëª¨ë¡œìš°ë°”ì´íˆ¬ê²Œë”) ìˆ˜ë¹ˆ l ì´ì‚¬ë°° l ìµœì• ì˜ ìµœì• ,Pixid,583.0,0.0,0.1,0.6,0.2,0.1,0.0,0.1,0.9,"This video is primarily focused on beauty and makeup, with a specific emphasis on K-POP idol styles, appealing to a predominantly female audience. The age distribution reflects a strong interest from viewers in their 20s who are typically engaged in beauty and fashion trends, followed by interest from those in their 30s."
Isbfog9fT2k,ì§‘ë°¥ğŸ’œ173ë§Œë·° ëŒ€ë°•ì§‘ ì—´ë¬´ì–¼ê°ˆì´ ë¬¼ê¹€ì¹˜ 2íƒ„~ê³ ìš´ ê³ ì¶”ê°€ë£¨{100ê·¸ë¨},ì§‘ë°¥ ì´ì²œëŒ í•œì‹ìš”ë¦¬ì±„ë„,147.0,0.0,0.0,0.1,0.3,0.4,0.2,0.1,0.9,"The channel focuses on traditional Korean home cooking, which is particularly appealing to women, especially those in their 30s to 50s. The content is about making kimchi, which aligns with household cooking, thus attracting a predominantly female audience."
sRk4LeQ9e-g,ì¤‘ë…„ íŒ¨ì…˜- 10ë…„ ë” ë‚˜ì´ ë“¤ì–´ ë³´ì´ëŠ” ì˜·ì°¨ë¦¼ì€?,íŒ¨ì…˜ë¡œê·¸ FashionLog,381.0,0.0,0.0,0.3,0.4,0.2,0.1,0.1,0.9,"The content focuses on fashion tips for middle-aged individuals, particularly women, to avoid looking older. The channel's theme and script suggest a female audience interested in fashion, predominantly in their 30s and 40s."
fBB4MaBybyg,[ì„ ì¬ ì—…ê³  íŠ€ì–´ (Lovely Runner) OST Part 1] ì´í´ë¦½ìŠ¤ (ECLIPSE) - ì†Œë‚˜ê¸° (Sudden Shower) MV,Stone Music Entertainment,131.0,0.0,0.5,0.4,0.05,0.03,0.02,0.2,0.8,"The video is a music video (MV) from a channel known for K-pop and other trending musical content. K-pop generally attracts a younger audience, particularly teenagers and people in their twenties, with a higher prevalence of female fans."
dpBYYEhdofI,"ì•ë²…ì§€ ë³¼ë¡, ë’·ë²…ì§€ ì…€ë£°ë¼ì´íŠ¸, í—ˆë²…ì§€ ì•ˆìª½ì‚´ ëª¨ì¡°ë¦¬ ë¶ˆíƒœìš°ê³ ğŸ”¥ [ì—¬ë¦¬íƒ„íƒ„ ì¼ì í—ˆë²…ì§€] ë˜ëŠ” 7ì¼ ë£¨í‹´",ì´ì§€ì€ ë‹¤ì´ì–´íŠ¸ Jiny diet,197.0,0.0,0.1,0.7,0.2,0.0,0.0,0.1,0.9,"The channel 'ì´ì§€ì€ ë‹¤ì´ì–´íŠ¸ Jiny diet' and the video focus on thigh slimming exercises, which are typically of interest to women, particularly in their 20s and 30s. The content is tailored to those who are conscious about fitness and appearance, aligning with younger adult female demographics."
YWCfE2aHz7U,ë°ì¹˜ê³  ë°”ë¡œ ë¬´ì³ìš”. ì‹œê³¨ ë‘ë¦…ì¥ì•„ì°Œ ì´ë ‡ê²Œ ë§Œë“¤ë©´ ë°¥ í•œê³µê¸° ëšë”±~!,ìš”ë¦¬ì™•ë¹„ë£¡ Korean Food Cooking,173.0,0.0,0.0,0.15,0.3,0.3,0.25,0.1,0.9,"The content is focused on a traditional Korean recipe, appealing mostly to older women interested in cooking. The detailed cooking instructions and focus on nutritional benefits suggest a target audience of women aged 30 and above, looking to improve their culinary skills."
fOfRZdc2WD0,"[sub] ë¯¸ì—°xì‚¬ë‚˜ ê´Œ ì—¬í–‰ğŸ’˜ ì°ì¹œ ëª¨ë“œ í­ë°œ..ğŸ”¥ | ì‚¬ë‚˜ í”½ ëˆí‚¤í˜¸í…Œ ì¶”ì²œ, í•´ì‚°ë¬¼ ë¨¹ë°© [ë¯¸ì—° íˆ¬ì–´.EP1]",ë¯¸ì—°zip MIYEON ,378.0,0.0,0.5,0.4,0.05,0.05,0.0,0.2,0.8,"The video features a trip by MIYEON and SANA, both popular figures among teenagers and young adults, especially females interested in fashion and idols. The content involves a travel vlog and product placements, which are appealing to the 10-20 age group, predominantly female."
T-bVqdhqW2U,ğŸ”¥ì¶œë ì´ëŠ” íŒ”ëšì‚´ğŸ”¥ë¹¨ë¦¬ ë¹¼ë ¤ë©´ 1ë‹¬ë§Œ ì´ ë£¨í‹´í•˜ì„¸ìš”. (íŒ”ëšì‚´ë¹¼ëŠ”ìš´ë™/íŒ”ëšì‚´ ë¹¨ë¦¬ ë¹¼ëŠ”ë²•/íŒ”ëšì‚´ ì™„ì „ ì œê±° ìš´ë™),ë¹„íƒ€ë¯¼ì‹ ì§€ë‹ˆ VitaminJINY,157.0,0.0,0.05,0.4,0.45,0.1,0.0,0.15,0.85,"The video's focus on arm exercises for slimming suggests a primary audience of women, as indicated by the channel's name and script. The emphasis on fitness and appearance aligns with interests commonly found among individuals in their 20s and 30s."
mVaHP_f04Pg,ë‘ë¦…ì „ì´ ì´ë ‡ê²Œ ë§›ìˆë‹¤ë‹ˆ ë†€ëìŠµë‹ˆë‹¤,ê¹€ëŒ€ì„ ì…°í”„TV,935.0,0.0,0.05,0.15,0.4,0.25,0.15,0.2,0.8,"The channel focuses on Korean home cooking, appealing mainly to a female audience interested in cooking traditional dishes. The content, a recipe for a specific dish, is likely to attract viewers in their 30s and 40s, who are more engaged in household cooking."
LzmlGc-6ccU,"ì‹œì›í•˜ê³  ê¹”ë”í•œ ì²œì—° ì†Œí™”ì œ ""ë´„ ë¬¼ê¹€ì¹˜"" ì´ˆë³´ë„ 100% ì„±ê³µí•©ë‹ˆë‹¤",ê¹€ëŒ€ì„ ì…°í”„TV,266.0,0.0,0.05,0.2,0.35,0.25,0.15,0.2,0.8,"The content is focused on traditional Korean cooking, specifically making kimchi, which typically attracts more female viewers. The age distribution suggests that the audience is mostly adults with an interest in cooking, particularly those in their 30s and 40s."
yrTHg9ohXvE,ì´ì œ ì§„ì§œ ë§Œë‚  ì‹œê°„..â™¥ï¸ (ëŒ“ê¸€ì´ë²¤íŠ¸ ìˆìŒ!!),ì•„ë½€TV,293.0,0.0,0.0,0.1,0.5,0.3,0.1,0.2,0.8,"The video is centered around family life, specifically focusing on preparing a baby's room, which appeals more to women, especially those in their 30s and 40s. The inclusion of home improvement and baby-related discussions suggests a target audience of parents and expectant mothers."
Og_VN6P-kj0,ê°ì˜¥ ê°™ì€ ê²°í˜¼ìƒí™œ ì†ì—ì„œ ë§¤ì¼ ì„¸ê³„ì ì¸ ê·¸ë¦¼ì„ ê·¸ë ¤ë‚´ëŠ” ì•„ë‚´ì˜ ë¹„ë°€ [ì˜í™”ë¦¬ë·°/ê²°ë§í¬í•¨],ë””í† ì´ì•¼ê¸°,276.0,0.0,0.1,0.3,0.4,0.15,0.05,0.2,0.8,"This movie review video, especially focusing on a storyline involving marriage, art, and personal struggle, appeals more to female viewers, likely aged 20-40, interested in drama and relationship topics. The narrative style and themes cater to adults, with a focus on personal empowerment and artistic expression, drawing a predominantly female audience."
E-FKCbwAVws,ì¥ë¬¸ì˜ í¸ì§€ì† ì‚¬ì—°ê³¼ í•¨ê»˜ ë²„ë ¤ì§„ 8ì‚´ ê³ ì–‘ì´ ë³„ì´[ëª°ì•„ë³´ê¸°]1ë…„ì˜ ì‹œê°„,ìƒˆë¡¬í•˜ìš°ìŠ¤,103.0,0.0,0.1,0.3,0.4,0.2,0.0,0.2,0.8,"The channel 'ìƒˆë¡¬í•˜ìš°ìŠ¤' seems to focus on emotional stories involving pets, which generally attract a female audience. The narrative about an abandoned cat appeals more to adults, particularly those aged 20 to 40, as they are more likely to relate to caregiving themes."
U8NGHj51-_0,(ì‚¬ì´ë‹¤íˆ°) ë‚´ ë‚¨ì¹œí•œí…Œ ë‚´ ìŒ©ì–¼ ì—½ì‚¬ ë³´ë‚´ëŠ” ì—¬ìš° ë² í”„ ì°¸êµìœ¡ /ì˜ìƒíˆ°/ì°íˆ°/,ì°í‘¸ëŠ” ê·¸ë¦¼ìŸì´íˆ°,845.0,0.0,0.7,0.25,0.05,0.0,0.0,0.1,0.9,"The content revolves around drama and friendship issues, a theme likely to interest teenagers and young adults, particularly females. The storyline and style are reminiscent of narrative webtoons, which are popular among teenage and young adult women."
9EdrNmW4ppQ,"ğŸ”¥ì—´ë§¤ë‹ˆì €ğŸ”¥ì—ì„œ í•œì°½ ì£¼ê°€ë¥¼ ì˜¬ë¦¬ëŠ” âš¡ë‚˜ë‚˜âš¡ì™€ ğŸ”¥ì†”ë¡œì§€ì˜¥4ğŸ”¥ì˜ âš¡ê¹€ë¯¼ì„¤âš¡ì´ ì¶œì—°í–ˆë˜ ""ê°œê¿€ì¼ ""í•™ì› íŒíƒ€ì§€ ë“œë¼ë§ˆ[ê²°ë§ê¹Œì§€ í•œë°©ì— ëª°ì•„ë³´ê¸°]",ë¬´ë¹„íˆ¬ìœ ,163.0,0.0,0.5,0.3,0.1,0.05,0.05,0.2,0.8,"The content is a fantasy drama recap featuring a young female protagonist, appealing to teens and young adults, especially females interested in drama and romance. The presence of popular figures may also attract younger viewers, but the script's focus suggests a female-dominated audience."
2Wil_ZqFBzo,ë¨¹ì–´ë„ ë¨¹ì–´ë„ ì•ˆì§ˆë¦¬ëŠ” ì˜¤ì´ì§€ ë§›,ì†”ë°”ìœ„ë†ì›,124.0,0.0,0.0,0.1,0.3,0.4,0.2,0.2,0.8,"The content focuses on traditional Korean food preparation (pickled cucumbers), which is likely to attract older women interested in home cooking and preserving techniques. The channel's focus on farming and homemade recipes supports a predominantly female audience, particularly those aged 30 and above."
NB4zRrd4FAg,"ë‚´ë‚˜ì´ 49ì„¸, ì¸ìŠ¤íƒ€ë¥¼ ì‹œì‘í•˜ë‹¤ã…£ğŸŒ¼Naë“¤ì´",ì±„ë„ì‹­ì˜¤ì•¼,152.0,0.0,0.0,0.1,0.3,0.5,0.1,0.2,0.8,"The channel 'Channelåäº”å¤œ' is known for lifestyle and variety content, appealing more to women. The video theme of starting Instagram at 49 suggests a target demographic of middle-aged viewers, mainly women."
IrRh1rY5SVQ,[ë®¤ë±… ì›í…Œì´í¬ 4K] ì•„ì´ë¸Œ(IVE) 'ATTITUDE' 4K Bonus Ver. @ë®¤ì§ë±…í¬(Music Bank) 250207,KBS Kpop,182.0,0.0,0.6,0.35,0.05,0.0,0.0,0.2,0.8,"The channel 'KBS Kpop' primarily targets K-pop fans, which tend to be younger, especially teenagers and people in their 20s. The content being a performance by a popular girl group 'IVE' appeals more to a female audience interested in K-pop music and idols."
AnWVplz63l0,ğŸ©¸ìœ¡ì•„ì— ì§€ì¹œ ì—„ë§ˆğŸ©¸ì´ë™ì§„ í‰ë¡ ê°€ê°€  ê·¹ì°¬í•œ ê·¸ ì˜í™”ğŸ©¸(ì˜í™”/ë“œë¼ë§ˆë¦¬ë·°/ê²°ë§í¬í•¨)(ê³µí¬ì˜í™”),ì©”ë¬´ë¹„,120.0,0.0,0.05,0.15,0.5,0.2,0.1,0.2,0.8,"The video focuses on the challenges of motherhood, a topic that is likely to resonate more with women, particularly those in their 30s and 40s who are often dealing with similar life stages. The film review aspect adds a broader appeal but still attracts primarily a female audience interested in the intersection of horror and family dynamics."
JsbjgLDc7ZU,[Playlist] ìš´ë™í•  ë•Œ ë“£ê¸° ì¢‹ì€ ì‹ ë‚˜ëŠ” ì—¬ìì•„ì´ëŒ ì¼€ì´íŒ ë…¸ë™ìš”,ê¹€ë¡œë¼,103.0,0.0,0.2,0.6,0.2,0.0,0.0,0.1,0.9,"The video is focused on upbeat K-pop from female idols, likely appealing to a younger audience interested in music and fitness, particularly females. The channel name 'ê¹€ë¡œë¼' suggests a female creator, which usually attracts more female viewers."
QQJaxbLmmBI,[MV] ì„ì˜ì›… - ì²œêµ­ë³´ë‹¤ ì•„ë¦„ë‹¤ìš´ | ì²œêµ­ë³´ë‹¤ ì•„ë¦„ë‹¤ìš´ OST | Heavenly Ever After OST,ê³ ê³ ì”½ GOGOSING ,131.0,0.0,0.05,0.2,0.35,0.25,0.15,0.2,0.8,"The video is a music video that likely appeals to a wide age range, but primarily older adults due to its association with an OST. The channel name doesn't indicate a specific audience, but the emotional tone of the music suggests a higher female viewership."
ETGI8KJOZAs,"""1ì›ë„ ì•ˆ ë‚¨ê¸´ë‹¤!"" ì–´ë¨¸ë‹ˆê°€ ì•„ë“¤ ë©°ëŠë¦¬ì—ê²Œ 'ì¬ì‚° ì•ˆ ì£¼ê³ ' ì„¸ìƒ ë– ë‚˜ê¸° ì „ê¹Œì§€ ë‹¤ ì¨ë„ í›„íšŒì—†ëŠ” ì´ìœ  | ë¶€ëª¨ìì‹ | ë…¸ë…„ |",í™©ê¸ˆë¹›ë§ë…„,267.0,0.0,0.0,0.1,0.2,0.3,0.4,0.2,0.8,"The channel name and content focus on elderly concerns such as inheritance and family dynamics, relevant to 50+ audience. The emotional and family-oriented narrative appeals more to a female demographic."
YjSgCLk-cSU,ì—¬ë¦„ì— ë„˜ì³ë‚˜ëŠ” ê°€ì§€ ì´ë ‡ê²Œë“œì„¸ìš”ğŸ¥¢ ì €ë ´í•œ ê°€ì§€ìš”ë¦¬  ë§›ìˆê²Œ ë¨¹ëŠ” ë°©ë²•ğŸ†,ëšë”±Tooktak,463.0,0.0,0.0,0.1,0.4,0.3,0.2,0.1,0.9,"The video is about a traditional cooking recipe, which typically attracts a female audience, especially housewives and middle-aged women. The channel name and the script suggest a focus on simple home cooking, appealing to viewers in their 30s to 50s."
JSFG-IE8n_c,JENNIE - like JENNIE (Official Video),JennieRubyJaneVEVO,299.0,0.0,0.6,0.3,0.1,0.0,0.0,0.2,0.8,"The channel JennieRubyJaneVEVO and the video title suggest a focus on Jennie, a member of the popular K-pop group BLACKPINK, known for having a predominantly teenage female audience. The script emphasizes themes of self-confidence and identity, appealing more to a younger female demographic."
17CvAA1KdEY,ê±´ê°•ê³¼ ì¥ìˆ˜ë¥¼ ìœ„í•´ ë°˜ë“œì‹œ í”¼í•´ì•¼ í•  ìœ„í—˜í•œ ê³¼ì¼ 7ê°€ì§€ | ë…¸ì¸ ê±´ê°• ì •ë³´ï½œë…¸í›„ì‚¬ì—°ï½œì¸ìƒì´ì•¼ê¸°ï½œì˜¤ë””ì˜¤ë¶ï½œì‚¶ì˜ ì§€í˜œ,ì§€í˜œì˜ ìƒ˜,135.0,0.0,0.0,0.05,0.15,0.2,0.6,0.2,0.8,"The channel 'ì§€í˜œì˜ ìƒ˜' focuses on wisdom and life stories, appealing to older audiences. The video content is heavily centered on health and longevity for seniors, thus, predominantly attracting viewers aged 50 and above, with a higher likelihood of female viewers who are generally more interested in health and lifestyle advice."
ZxMPUt0iplc,ğŸ’šì‘¥ê°œë–¡ ì œë°œ ë°©ì•—ê°„ì— ê°€ì§€ ë§ˆì„¸ìš” ì§‘ì—ì„œ ë¬´ì¡°ê±´ ì´ë ‡ê²Œ ë§Œë“œì„¸ìš” í•œí†µ ê°€ë“ ë§Œë“¤ì–´ë„ ë‚¨ì•„ë‚˜ì§ˆ ì•ŠìŠµë‹ˆë‹¤,í•¨ê»˜í•´ìš” ë§›ë‚˜ìš”ë¦¬,295.0,0.0,0.0,0.1,0.3,0.4,0.2,0.1,0.9,"The channel focuses on traditional Korean cooking, particularly home-cooked recipes, which typically attract female viewers, especially housewives. The content on making traditional Korean desserts at home is more likely to interest viewers in their 30s to 50s, who are often involved in household cooking."
ggOHx4j-M-8,ë‹¨ëˆ ë§Œì›ìœ¼ë¡œ 30ë§Œì›ì§œë¦¬ í™”ì¥í’ˆ íš¨ê³¼ ë‚´ëŠ” ë²•!ã…£73ì„¸ ì˜ì‚¬ì˜ ê¿€ë¡œ ì£¼ë¦„í´ê¸°ã…£í™”ì¥í’ˆì˜ ë¹„ë°€ã…£ë™ì•ˆ í”¼ë¶€ê´€ë¦¬ã…£ë…¸í›„ê±´ê°•ã…£ë…¸í›„ì§€í˜œã…£ì‚¶ì˜ì§€í˜œã…£í–‰ë³µí•œë…¸í›„ã…£ì˜¤ë””ì˜¤ë¶,"ì‹¤ë²„ë¼ë””ì˜¤_ë…¸í›„ì§€í˜œ,ë…¸í›„ì‚¬ì—°,ë…¸í›„ê±´ê°•",326.0,0.0,0.0,0.0,0.1,0.2,0.7,0.2,0.8,"The content is focused on skincare for older adults, specifically targeting those in their 50s and above, including mentions of retirement and senior health. The channel and video content are more likely to attract a female audience interested in beauty and skincare."
hD2J-VxRBJY,[EN] êµ½ì–´ì§„ ë°œëê¹Œì§€ ë‹¿ëŠ” ì—„ë§ˆì˜ ì‚¬ë‘,ì‚ë£¨ë¹¼ë¡œ,142.0,0.0,0.0,0.2,0.4,0.3,0.1,0.2,0.8,"The channel 'ì‚ë£¨ë¹¼ë¡œ' and the video content focus on daily life, family, and household activities, which typically attract a female audience. The script's emphasis on family and everyday activities is likely to appeal to a 30-40 age group, particularly women interested in home and family life."
H7p_FWFhJCE,"ì´ì€í•˜, 2025.4.26. ì§„ë„ê½ƒê²Œì¶•ì œ ë¼ì´ë¸Œ /ë‹¹ì‹ ê»˜ë§Œ,ë´„ë¹„,ì•„ì§ë„ ê·¸ëŒ€ëŠ” ë‚´ì‚¬ë‘, ì•„ë¦¬ì†¡í•´, ë°¤ì°¨/ë¼ì´ë¸Œ ì—¬ì™• íˆíŠ¸ê³¡ ì—´ì°½ë¬´ëŒ€~^^",ì´ì€í•˜íŒ¬í´ëŸ½(ì€í•˜ì‚¬ë‘),121.0,0.0,0.0,0.1,0.2,0.3,0.4,0.2,0.8,"The video features a live performance by an established artist, likely appealing to older audiences who are familiar with her music. The nostalgia and live concert setting are expected to attract mainly females, given the fan club's focus."
EKzdhZQXNBw,â˜˜ í­ì‹¹ ì†ì•˜ìˆ˜ë‹¤ OST,ì¬ë¡±ë§˜,282.0,0.0,0.1,0.2,0.4,0.2,0.1,0.2,0.8,"The channel 'ì¬ë¡±ë§˜' suggests a focus on content related to family, parenting, or music that appeals to women. The script indicates a lyrical or poetic nature, likely attracting a mature audience, especially women in their 30s and 40s."
5YRSeXYK4Xg,BOYNEXTDOOR (ë³´ì´ë„¥ìŠ¤íŠ¸ë„ì–´) - ì´ë ‡ê²Œ ì¢‹ì•„í•´ ë³¸ ì ì´ ì—†ì–´ìš” [ì†Œë…€ì˜ ì„¸ê³„ X BOYNEXTDOOR] [ê°€ì‚¬/Lyrics],ì›…í‚¤,382.0,0.0,0.6,0.3,0.1,0.0,0.0,0.2,0.8,"The content is a music video associated with BOYNEXTDOOR, a musical group likely to attract a younger audience, predominantly teenagers and young adults. Lyrics centered around love suggest higher interest from female viewers."
FZSAwjH2luw,"ì—„ë§ˆê°€ ê·¹ ê·¹ ì™¸í–¥ì¸ì´ë©´ ìƒê¸°ëŠ” ì¼ğŸ˜ (í‚¤ì¦ˆì¹´í˜, ë¬¸ì„¼, ë¬¼ê³ ê¸°ì¹´í˜ ë“±)",í˜œì§„ì“° Hyejin's,161.0,0.1,0.05,0.1,0.4,0.3,0.05,0.2,0.8,"The channel appears to focus on family and parenting, typical of 30s and 40s female viewers. The script mentions family activities and motherhood, aligning with interests of adult women."
zjkp0HVtbrQ,1ë…„ì„ ë‘ê³  ë¨¹ì–´ë„ ì§œì§€ ì•Šê³  ë§›ìˆëŠ” ë§ˆëŠ˜ì«‘ ì¥ì•„ì°Œ ì´ë ‡ê²Œ ë‹´ê·¸ì„¸ìš”,ê¹€ëŒ€ì„ ì…°í”„TV,128.0,0.0,0.0,0.1,0.2,0.4,0.3,0.1,0.9,"This video is about making a traditional Korean side dish, which typically appeals to a female audience, specifically homemakers or those interested in cooking. The age distribution is skewed towards 40s and 50s, reflecting the demographic interested in home cooking and traditional recipes."
BOf4zkbd5eI,"ğŸ”¥ë„¤ì´ë²„ ì›¹ì†Œì„¤ í‰ì 9.9ğŸ”¥ë¥¼ ê¸°ë¡í•˜ë©° "" ë””ì¦ˆë‹ˆ+ "" ì—ì„œ ì„ íƒí•œ íŒíƒ€ì§€ ë¡œë§¨ìŠ¤ ë“œë¼ë§ˆ!! ê²°ë§ê¹Œì§€ ëª°ì•„ë³´ê¸°",ë“œë¼ë§ˆë¦¬ì•„,123.0,0.0,0.05,0.65,0.25,0.05,0.0,0.2,0.8,"The video is a fantasy romance drama review, which tends to attract a predominantly female audience, particularly those in their 20s and 30s who are most interested in such content. The channel 'ë“œë¼ë§ˆë¦¬ì•„' suggests a focus on drama, further indicating a female-centric viewership."
xcaQKbS2mEM,ëŒ€ë°•ì§‘ ì˜¤ì´ì†Œë°•ì´ ë¹„ë°€ì¬ë£Œ ê³µê°œí•©ë‹ˆë‹¤,ê¹€ëŒ€ì„ ì…°í”„TV,841.0,0.0,0.0,0.1,0.3,0.4,0.2,0.2,0.8,"The channel focuses on home-cooking and traditional recipes, which are topics generally attracting a female audience, particularly middle-aged women. The detailed cooking instructions and traditional Korean recipe suggest an older audience, mainly 30s and 40s."
rvZmmNK5crE,ë§ˆëŠ˜ì«‘ ì´ë ‡ê²Œ ë¬´ì¹˜ì„¸ìš”. ì§‘ë‚˜ê°„ ì… ë§› ëŒì•„ì˜µë‹ˆë‹¤!,ê¹€ëŒ€ì„ ì…°í”„TV,320.0,0.0,0.05,0.1,0.3,0.4,0.15,0.2,0.8,"The channel focuses on traditional Korean cooking, which often attracts middle-aged to older female audiences interested in home-cooking. The script's detailed instructions also imply an appeal to those interested in improving their cooking skills, typically women in their 30s and 40s."
etHJ-9e7sfw,"í¬ê²Œ í•œíŒìœ¼ë¡œ êµ¬ì›Œë¨¹ëŠ” í•œíŒ ì• í˜¸ë°•ì „ ğŸ‘ ê°„ì‹, ì•¼ì‹, ë°˜ì°¬ ë‹¤ ê°€ëŠ¥",ëšë”±Tooktak,218.0,0.0,0.05,0.2,0.4,0.3,0.05,0.2,0.8,"The content revolves around home cooking, specifically making a type of Korean pancake, which tends to attract a female audience predominantly. The age distribution suggests an interest from adults, particularly in their 30s and 40s, who are typically more engaged in cooking and family meals."
TqaDUXDg3DM,ë„ì‹œìŒì‹ ì²˜ìŒ ë¨¹ì–´ë³¸ ê¹¡ì‹œê³¨ì—ì„œ ì˜¨ ì¡°ì¹´ì™€ ë¨¹ë°© ë¸Œì´ë¡œê·¸,ì–‘íŒ¡ YangPang,104.0,0.4,0.3,0.2,0.05,0.03,0.02,0.2,0.8,"The channel 'ì–‘íŒ¡ YangPang' is known for its vlogs, which often appeal to a younger and female audience. The content involves a child experiencing city food, suggesting appeal to both young viewers and those interested in family-oriented content."
EfWxleZjwR0,"ì‹¸ì´ì½”íŒ¨ìŠ¤ì•„ì´ê°€ ì‚´ì¸ë²”ì´ ë˜ì–´ê°€ëŠ” ê³¼ì •, ì´ì›ƒì§‘ ì†Œë…„ ì—ë¦­ìŠ¤ë¯¸ìŠ¤ ì´ì•¼ê¸°",ì¸ë¨¸ì¸ë¨¸,103.0,0.0,0.1,0.2,0.4,0.2,0.1,0.2,0.8,"The channel 'ì¸ë¨¸ì¸ë¨¸' and the video's topic about a true crime story appeal more to mature audiences, particularly females interested in crime and psychological analysis. The content's complexity and depth suggest a primary audience of adults, skewed slightly older."
tls0ajx-UT8,ìê¾¸ë§Œ ì˜¤ì´ì˜ì—ê²Œ ëˆˆì´ ê°€ëŠ” êµ¬ë„ì›ğŸ‘€ ì´ì˜ì´ ì ì  ì‹ ê²½ ì“°ì´ëŠ” ë„ì›ì˜ ì…ë• ë¶€ì •ê¸°ğŸ’˜ | #ì–¸ì  ê°€ëŠ”ìŠ¬ê¸°ë¡œìš¸ì „ê³µì˜ìƒí™œ,tvN DRAMA,162.0,0.0,0.05,0.7,0.2,0.05,0.0,0.2,0.8,"This video is likely to attract a female audience due to its romance and drama content, typical of K-drama series, which are popular among 20s and 30s women. The channel tvN DRAMA is known for its Korean dramas, which generally have a higher female viewership."
mInv80vIO6Q,91ì„¸ í˜„ì—­ í”¼ë¶€ê³¼ ì˜ì‚¬ê°€ ì§‘ì—ì„œ 20ë…„ ë¬µì€ ê²€ë²„ì„¯ì„ â€˜3ì¼ ë§Œì—â€™ ì—†ì•¤ ì¶©ê²© ë¹„ë²•! í”¼ë¶€ê³¼ ì˜ì‚¬ë„ ì±™ê²¨ ë¨¹ëŠ” ê¸°ë¯¸ ì–µì œ ìŒì‹ê¹Œì§€ ê³µê°œí•©ë‹ˆë‹¤ã…£ë…¸í›„ê±´ê°•ã…£í–‰ë³µí•œë…¸í›„ ã…£ ì˜¤ë””ì˜¤ë¶,"ì‹¤ë²„ë¼ë””ì˜¤_ë…¸í›„ì§€í˜œ,ë…¸í›„ì‚¬ì—°,ë…¸í›„ê±´ê°•",167.0,0.0,0.0,0.0,0.0,0.0,1.0,0.2,0.8,"The channel name 'ì‹¤ë²„ë¼ë””ì˜¤_ë…¸í›„ì§€í˜œ,ë…¸í›„ì‚¬ì—°,ë…¸í›„ê±´ê°•' and the content about skincare tips for age spots suggest that the primary audience is seniors, particularly those over 50. The topic of skincare, especially related to aging, typically attracts a predominantly female audience."
Vw49pdSTTOE,í”¼í”„í‹°í”¼í”„í‹° í•˜ë‚˜ì™€ ë§ˆì´ë¦°ì˜ ì°ì¹œ Q&A (ì–´ë¦´ ì  ì¹œêµ¬ê°€ ì•„ì´ëŒì´ ë˜ì–´ ëŒì•„ì™”ë‹¤) ë§ˆì´ë¦° TV,ë§ˆì´ë¦° TV,214.0,0.0,0.4,0.4,0.15,0.05,0.0,0.2,0.8,"The channel 'ë§ˆì´ë¦° TV' appears to focus on idol-related content, especially with a Q&A featuring an idol. This content is likely to attract a younger audience, particularly teens and people in their 20s who are interested in idols and pop culture. The primary audience is expected to be female due to the idol and lifestyle focus."
dgVx-kx1Zhw,ë„ˆëŠ” ì•ˆ ë˜ê² ë‹¤.,"ìš°ë¦¬ë™ë„¤ì‚°ë¶€ì¸ê³¼, ìš°ë¦¬ë™ì‚°",195.0,0.0,0.05,0.3,0.4,0.2,0.05,0.1,0.9,"The channel 'ìš°ë¦¬ë™ë„¤ì‚°ë¶€ì¸ê³¼' likely targets a female audience interested in women's health, pregnancy, and childbirth topics, prevalent in the script. The medical and everyday life conversations suggest a 30-40s age range, common among adults dealing with family and health issues."
r2lLbt__ouw,62ì„¸ í–‰ë³µí•œ ë‹¨ê¿ˆì— ì¬í˜¼í–ˆì§€ë§Œ 3ê°œì›”ë§Œì— ëª©ìˆ¨ê±¸ê³  íƒˆì¶œí–ˆìŠµë‹ˆë‹¤ã…£í™©í˜¼ì´í˜¼ã…£ì¸ìƒ2ë§‰ã…£ë…¸í›„ì˜ ì§€í˜œã…£í–‰ë³µí•œ ì¸ìƒì¡°ì–¸ã…£ì˜¤ë””ì˜¤ë¶,ì¸ìƒì´ ìˆ ìˆ  í’€ë¦¬ëŠ” ì²œì–µì§€í˜œ!,134.0,0.0,0.0,0.05,0.15,0.2,0.6,0.1,0.9,"The content focuses on senior life experiences, marriage, and wisdom, which generally appeal to viewers aged 50 and above, particularly women. The channel name suggests content aimed at providing life advice, aligning with interests typically stronger among older, female audiences."
D-sJxRu-_Rs,ğŸœì‚¼ì‚¼í•œ ì”ì¹˜êµ­ìˆ˜ë¶€í„° ì¹¼ì¹¼í•œ ê¹€ì¹˜ì¹¼êµ­ìˆ˜ê¹Œì§€. í•œêµ­ì¸ì˜ ì†Œìš¸í‘¸ë“œ êµ­ìˆ˜ 1ì‹œê°„ ëª°ì•„ë³´ê¸°ğŸœï½œêµ­ìˆ˜ë¨¹ë°©ï½œí•œêµ­ê¸°í–‰ï½œ#tvë¡œë³´ëŠ”ê³¨ë¼ë“„ë‹¤í,EBSDocumentary (EBS ë‹¤í),117.0,0.0,0.0,0.1,0.4,0.4,0.1,0.2,0.8,"The content is focused on traditional Korean food and rural life, which typically attracts a middle-aged audience, particularly women. EBS Documentaries often have educational or cultural content that appeals to viewers interested in Korean culture and history."
P6maeNpc040,ì‹¤í™”ì‚¬ì—°-ë™ì„œê°€ ì‹œë™ìƒì—ê²Œ ë’ˆì§€ê²Œ ë§ì ì˜ëª»í•œê±° í˜¼ ì¢€ ë‚¸ ê±°ë¼ëŠ” ì‹œëª¨! ì‹œë™ìƒì˜ ì¶©ê²© ê³¼ê±°ë¥¼ í™•ì¸í•œ ìˆœê°„ /ì‹¤í™”ì‚¬ì—°/ì‹ ì²­ì‚¬ì—°/ì‚¬ì´ë‹¤ì°/ë°˜ì „ì‚¬ì—°/ì‚¬ì—°ë¼ë””ì˜¤,ì‚¬ì—°ì½ì–´ì£¼ëŠ”ë‚¨ë…€,229.0,0.0,0.05,0.3,0.4,0.2,0.05,0.2,0.8,"The content revolves around personal and family stories with strong emotional content, typically attracting more female viewers. The age distribution likely skews towards adults in their 20s to 40s, who may relate to the themes of family and relationships."
uz61E6p3AmA,ìì·¨ìƒì„ ìœ„í•œ 'ê°€ì§œ' ê°„ì¥ê³„ë€ë°¥,ëª½ì¤‘ë‹¤ê³¼Mongsweets,129.0,0.0,0.0,0.7,0.3,0.0,0.0,0.2,0.8,"The video is focused on creative DIY cooking for singles, which typically appeals to females more. The content likely attracts young adults in their 20s and 30s who are interested in trendy, innovative cooking methods and lifestyle content."
ZIgPCbnS4RA,ê°‘ìê¸°ìš”?? ê³„íšëŒ€ë¡œ ë˜ëŠ”ê²Œ í•˜ë‚˜ì—†ëŠ” ì‹œí—˜ê´€.. [ë‚œì„ë¡œê·¸ ep2] IVF Procedure Suddenly Delayed,ì—”ì¡°ì´ì»¤í”Œenjoycouple,144.0,0.0,0.05,0.3,0.5,0.1,0.05,0.1,0.9,"The content discusses IVF and fertility, topics that typically attract a female audience, particularly those in their 30s who are considering family planning or are currently in the process. The emotional and personal nature of the vlog style also aligns with female viewers."
ZFCQj4oy2X4,[VLOG] ì˜ˆë¦° ê³µì£¼ì˜ ì²« ë…ë¦½ğŸ‘¼ğŸ» [EN/JP],íƒœìš”ë¯¸ë„¤,140.0,0.7,0.2,0.05,0.03,0.01,0.01,0.1,0.9,"The content primarily revolves around daily family life with children, which typically attracts a predominantly female audience. The vlog also highlights child-related activities, suggesting a higher interest from viewers with young children, thus skewing heavily towards the 0~9 age group."
qlXFj3hJ1ZU,5ì›”ë¶€í„° í•˜ë£¨ì— í˜„ê¸ˆ 'ì´ ë§Œí¼' ì ˆëŒ€ ë½‘ì§€ ë§ˆì„¸ìš”!  ì„¸ë¬´ì¡°ì‚¬ ë¬´ì¡°ê±´ ë‚˜ì˜µë‹ˆë‹¤! ï½œ60ëŒ€ ì´ìƒ í•„ìˆ˜ ì‹œì²­!ï½œì˜¤ë””ì˜¤ë¶ ï½œë…¸í›„ì§€í˜œï½œêµ­ì„¸ì²­ï½œì¦ì—¬ì„¸ï½œë…¸í›„ìê¸ˆ,í™©í˜¼ì˜ ì´ˆëŒ€,256.0,0.0,0.0,0.1,0.3,0.1,0.5,0.2,0.8,The video's focus on tax issues and financial advice for seniors suggests a primary audience of people aged 50 and above. The inclusion of a female perspective and emotional narrative might appeal more to women.
T9YAzk667tE,[#ì‚¬ë‘ì˜ì½œì„¼íƒ€] ìœ„ë¡œì™€ ì‚¬ë‘ì„ ì „í•˜ëŠ” ë¬´ëŒ€ ì²œë¡ë‹´Xì†ë¹ˆì•„ì˜ 'ë¹—ì†ì„ ë‘˜ì´ì„œ'â™ª #TVCHOSUNJOY (TV CHOSUN 250501 ë°©ì†¡),TVCHOSUN JOY,117.0,0.0,0.05,0.1,0.2,0.25,0.4,0.2,0.8,"The channel 'TVCHOSUN JOY' focuses on family-friendly entertainment and variety shows. The show's content, centered around emotional singing performances and touching stories, likely attracts a predominantly female and older audience, especially those over 40 years old."
xO2gGvsg8_k,ğŸŸ£ë³¸ì¸ë§Œ ëª¨ë¥´ëŠ” ë¹„í˜¸ê° ëŒ€í™”ë²•. ë©€ì©¡í•œ ì‚¬ëŒë„ ì‹œì‹œí•œ ì‚¬ëŒìœ¼ë¡œ ë³´ì…ë‹ˆë‹¤.- 20ë¶„ ì¸ìƒëª…ì–¸,MKTV ê¹€ë¯¸ê²½TV,100.0,0.0,0.0,0.1,0.3,0.3,0.3,0.2,0.8,"The channel 'MKTV ê¹€ë¯¸ê²½TV' is known for hosting content that appeals to women, focusing on personal development and storytelling, which aligns with older age groups. The script discusses aging and communication strategies, likely attracting a mature audience, particularly women."
0b-EXvZPaiI,ëª©ìˆ¨ê±¸ê³  ì„¸ ë”¸ê³¼ í•¨ê»˜ íƒˆë¶ì„ ì‹œë„í•˜ë˜ ì–´ë¨¸ë‹ˆëŠ” ê²°êµ­... | ì˜¤ë””ì˜¤ë¶ | ë¼ë””ì˜¤ì‚¬ì—° |,ì‚¶ì˜ ì§€í˜œ,169.0,0.0,0.1,0.2,0.3,0.3,0.1,0.2,0.8,"The video content focuses on a dramatic and emotional story of a mother's struggle, appealing to audiences interested in human interest stories, often skewed towards women. The narrative's mature themes and life experiences resonate more with viewers aged 30-40, but can also attract younger and older age groups."
Hjnuoggho_I,[VLOG] ë¹„ê°€ ì˜¤ëŠ”ë‚ ì—” ì¡¸ë¦¬ê³  ì‰¬ê³  ì‹¶ì€..ğŸŒ§ï¸ (ë…¸ë˜ì¤‘ë… ì•„ê¸°),ë¦¬ì¥¬ë¼ì´í¬ LIJULIKE,150.0,0.65,0.15,0.1,0.05,0.03,0.02,0.2,0.8,"The content appears to be a family and child-focused vlog, which usually attracts a younger audience, especially children. It also involves parenting and family activities, making it more appealing to women, particularly mothers."
uTagb5oScxw,ë°œ? ë°œ!? ì™„ì „ ì´ˆì‘ê¸‰! ë°œ ì´ˆì‘ê¸‰! | ì‚°ë¶€ì¸ê³¼ ì „ë¬¸ì˜ê°€ ë¦¬ë·°í•˜ëŠ” 'ì–¸ì  ê°€ëŠ” ìŠ¬ê¸°ë¡œìš¸ ì „ê³µì˜ìƒí™œ' 7í™”,ìˆë¶€ì¸ê³¼,113.0,0.0,0.1,0.3,0.3,0.2,0.1,0.2,0.8,"The channel 'ìˆë¶€ì¸ê³¼' suggests content related to gynecology and medical drama reviews, which likely appeals more to women. The script indicates medical and hospital life, appealing to adults interested in healthcare, likely in their 20s to 40s."
kSE-SZVm8FU,"ğŸ’¢ì´ëŸ° ""ë§ˆëŠ˜ì«‘ë°˜ì°¬""ë³´ì…¨ì–´ìš”â“1ë…„ë‚´ë‚´ ë°‘ë°˜ì°¬ ê±±ì •ëğŸ’¯",ì–‘ì¥ê¸ˆì£¼ë¶€,597.0,0.0,0.0,0.2,0.3,0.3,0.2,0.1,0.9,"The video is from a channel focused on Korean cooking, which is generally more popular among female viewers. The content is about preparing a traditional side dish, appealing to adults particularly in their 30s to 50s who are interested in home cooking."
tGlXxK8yUJs,ëª¸ë¬´ê²Œ ìµœì´ˆ ê³µê°œ í›„ ë‹¤ì´ì–´íŠ¸,ë‹¤ì¸ì´ê³µ,134.0,0.0,0.15,0.5,0.25,0.1,0.0,0.1,0.9,"The content mainly focuses on diet and skincare, which tends to attract a predominantly female audience. The personalized and relatable style appeals to viewers in their 20s and 30s, who are likely interested in lifestyle improvements."
xBxo06afhWU,ê°€ë½ì‹œì¥ ì­ˆê¾¸ë¯¸ì‡¼í•‘í•˜ê¸°. ì§„ì§œ ë§›ìˆëŠ” ì‚´ì‚¬ ì­ˆê¾¸ë¯¸íŠ€ê¹€. ë„ì‹œë½ì‹¸ì„œ ì„œìš¸ìˆ² í”¼í¬ë‹‰ê°€ëŠ” ìì·¨ ì¼ìƒ,planDí”Œëœë””,253.0,0.0,0.05,0.5,0.35,0.07,0.03,0.1,0.9,"The channel 'planDí”Œëœë””' features a lifestyle vlog with emphasis on cooking, shopping, and picnics, which are topics that typically attract female audiences. The detailed discussion of recipes and market shopping indicates a primary audience of young adults and middle-aged women, likely those in their 20s and 30s."
OSOHcQpMrDY,"[7í™” ìš”ì•½] ì‚°ë¶€ì¸ê³¼ì˜ ë¹›, ì‚°ë¶€ì¸ê³¼ì˜ êµ¬ì„¸ì£¼ ê°“ë„ì›âœ¨ ì–´ì©” ì¤„ ëª°ë¼ ë‹¹í™©í•œ ì˜¤ì´ì˜ ì•ì— ë‚˜íƒ€ë‚œ êµ¬(ì„¸ì£¼)ë„ì›ğŸ’• | #ì–¸ì  ê°€ëŠ”ìŠ¬ê¸°ë¡œìš¸ì „ê³µì˜ìƒí™œ",tvN DRAMA,213.0,0.0,0.05,0.1,0.4,0.3,0.15,0.2,0.8,"The content involves a medical drama focusing on obstetrics, likely appealing to viewers interested in healthcare and family matters. This skews the demographic towards females, particularly those aged 30-40s who may relate to the themes of childbirth and medical scenarios."
9L--ZG0s3Cw,ì—„ë§ˆ ë³´ê³  ì‹¶ì–´,"ìš°ë¦¬ë™ë„¤ì‚°ë¶€ì¸ê³¼, ìš°ë¦¬ë™ì‚°",129.0,0.0,0.0,0.3,0.5,0.15,0.05,0.1,0.9,"The channel 'ìš°ë¦¬ë™ë„¤ì‚°ë¶€ì¸ê³¼, ìš°ë¦¬ë™ì‚°' and the script focus on obstetrics and gynecology, which is likely to attract a predominantly female audience. The detailed medical discussion suggests an audience of mainly women in their 30s and 40s who are more likely to be interested in these topics."
KaTvcMudnZg,"ì‚¼ë§Œì¹¼ë¡œë¦¬ì±Œë¦°ì§€ ì»´ë°± | ë¡œì œì—½ê¸°ë¶„ëª¨ìë–¡ë³¶ì´,ì²˜ê°“ì§‘ìŠˆí”„ë¦¼ì–‘ë…ì¹˜í‚¨,bhcì½°ì‚­í‚¹,í”¼ììŠ¤ì¿¨ê³ êµ¬ë§ˆí”¼ì,ë§ˆë¼ìƒ¹ê¶ˆ,ì§œíŒŒê²Œí‹°,íˆ¬ì¸ì•„ë°•íŒŒí‹°íŒ©,í”¼ì¹˜ìƒ,ë§¥ë„ë‚ ë“œë”ë¸”ì¹˜ì¦ˆë²„ê±°,ê³ êµ¬ë§ˆí›„ë¼ì´,ì•„êµ¬ì°œ,ëˆê¹ŒìŠ¤",ê¹€ë³µìˆœ,115.0,0.0,0.1,0.5,0.3,0.1,0.0,0.2,0.8,"The content, a food challenge and mukbang, tends to attract a young adult audience, particularly females, who are interested in lifestyle and eating shows. The language and style suggest a 20s to 30s demographic."
ueskcHflD90,í”¼ë¶€ê³¼ ì˜ì‚¬ê°€ ì•Œë ¤ì£¼ëŠ”! ë°”ì„¸ë¦°ì— ì´ê²ƒ 3ë°©ìš¸ ì„ì–´ ë°”ë¥´ì„¸ìš”â€¦ ì–¼êµ´ ê¹Šì€ ì£¼ë¦„ì´ ì‹¹ ì‚¬ë¼ì§‘ë‹ˆë‹¤ï½œë¦¬í”„íŒ… ì‹œìˆ  ì—†ì´ ë‹¨ëˆ 3ì²œì›ìœ¼ë¡œ í”¼ë¶€ë¥¼ ë°”ê¾¼ ë¹„ë²•ï½œë…¸í›„ê±´ê°•ï½œë…¸í›„ì§€í˜œã…£ì˜¤ë””ì˜¤ë¶,"ì‹¤ë²„ë¼ë””ì˜¤_ë…¸í›„ì§€í˜œ,ë…¸í›„ì‚¬ì—°,ë…¸í›„ê±´ê°•",484.0,0.0,0.0,0.0,0.1,0.2,0.7,0.1,0.9,"The content focuses on skincare tips for older adults, especially appealing to women over 50 concerned with aging. The channel 'Silver Radio' is targeted towards the senior demographic, reinforcing this audience prediction."
jNKkQGpLvxI,"91ì„¸ í˜„ì—­ í”¼ë¶€ê³¼ ì˜ì‚¬ê°€ ë°íˆëŠ” ì§‘ì—ì„œ ê²€ë²„ì„¯ ì—†ì• ëŠ” ë°©ë²•! í”¼ë¶€ê³¼ì—ì„œ ì•Œë ¤ì£¼ì§€ ì•ŠëŠ” ë”°ë¼ë§Œí•˜ë©´ ê²€ë²„ì„¯,ê¸°ë¯¸ê°€ ì‹¹ ë‹¤ ì‚¬ë¼ì§‘ë‹ˆë‹¤",ë°±ì„¸ì§€í˜œ,638.0,0.0,0.0,0.1,0.2,0.2,0.5,0.2,0.8,"The video focuses on skin care tips for removing age spots, featuring a 91-year-old dermatologist. This content is likely to attract older audiences, especially females interested in skincare and anti-aging methods."
UW0zFMc-Ymc,"ì„±ìˆ˜ë™ ë™ë„¤ ì£¼ë¯¼ ë°•ì„¸ë¦¬ì˜ ì¼ìƒğŸª´í•œê°•ì‚°ì±…, ì°ë¹µë§›ì§‘, íŒŒì¸ì• í”Œ ì‹¬ê¸° (+êµ¬ë…ìì„ ë¬¼)",ë°•ì„¸ë¦¬ì˜ ì†ì‚¬ì •,142.0,0.0,0.05,0.25,0.35,0.2,0.15,0.2,0.8,"The content involves lifestyle and home activities, which tend to attract more female viewers. The channel and the host's style, including activities like gardening and walking with pets, likely appeal to viewers aged 30-40."
2kjf-AkDfMc,"91ì„¸ í˜„ì—­ í”¼ë¶€ê³¼ ì˜ì‚¬ê°€ ë°íˆëŠ” ì§‘ì—ì„œ ê²€ë²„ì„¯ ì—†ì• ëŠ” ë°©ë²•! í”¼ë¶€ê³¼ì—ì„œ ì•Œë ¤ì£¼ì§€ ì•ŠëŠ” ë”°ë¼ë§Œí•˜ë©´ ê²€ë²„ì„¯,ê¸°ë¯¸ê°€ ì‹¹ ë‹¤ ì‚¬ë¼ì§‘ë‹ˆë‹¤ (2íƒ„)",ë°±ì„¸ì§€í˜œ,202.0,0.0,0.0,0.05,0.2,0.3,0.45,0.2,0.8,"The content focuses on skincare solutions for age-related skin issues, specifically targeting an older audience concerned about age spots. The practical, home-based advice appeals more to women, often the primary audience for skincare and anti-aging content."
4qqnltXm0PQ,"""ë©°ëŠë¦¬ ì¡°ì‹¬í•˜ì„¸ìš”"" ê°„í˜¸ì‚¬ê°€ í•œë§ì— ì˜¨ëª¸ì´ êµ³ì–´ë²„ë ¸ìŠµë‹ˆë‹¤.ã…£ì‚¬ì—°ã…£ì˜¤ë””ì˜¤ë¶ã…£ì¸ìƒ",ì–´ë¨¸ë‹ˆì˜ ì •ì›,420.0,0.0,0.0,0.1,0.3,0.4,0.2,0.2,0.8,"The channel name 'ì–´ë¨¸ë‹ˆì˜ ì •ì›' suggests content targeting older audiences, likely women. The storyline involves family dynamics and inheritance, appealing primarily to a middle-aged and older audience."
D4VmTZ4UKnI,"ì• í˜¸ë°•ì— ""ì´ê±¸"" í•¨ê»˜ ë„£ì—ˆë”ë‹ˆ ë˜ ë¨¹ê³  ì‹¶ì–´ì§‘ë‹ˆë‹¤",ê¹€ëŒ€ì„ ì…°í”„TV,121.0,0.0,0.0,0.1,0.4,0.4,0.1,0.1,0.9,"The content is a detailed cooking tutorial, which typically attracts a majority female audience, especially from a channel like 'ê¹€ëŒ€ì„ ì…°í”„TV' known for home cooking. The age distribution suggests interest from viewers in their 30s and 40s who are likely to be more involved in family meal preparations."
HOhwBlVhzNA,ğŸŸ£'ì´ ê¸ˆì•¡' ì´ìƒ í˜„ê¸ˆ ì…ì¶œê¸ˆ í•˜ë©´ í° ì¼ ë‚©ë‹ˆë‹¤ - ê³µì°¬ê·œ ì„¸ë¬´ì‚¬ '20ë¶„ íŠ¸ë Œë“œê³¼ì™¸',MKTV ê¹€ë¯¸ê²½TV,225.0,0.0,0.05,0.1,0.35,0.3,0.2,0.2,0.8,"MKTV ê¹€ë¯¸ê²½TV is a known channel with a focus on self-development and finance, primarily attracting a middle-aged female audience. The video deals with financial and tax issues, which are more relevant to audiences in their 30s to 50s."
NtCseg0uqiY,ì§‘ ë¬¼ë ¤ì£¼ì—ˆë”ë‹ˆ ë…¸ì¸ì •ìœ¼ë¡œ ì«“ì•„ë‚¸ ìì‹ë“¤.. í• ë¨¸ë‹ˆì˜ í†µì¾Œí•œ ë³µìˆ˜ l ë¶€ëª¨ìì‹ê°ˆë“± ë¼ë””ì˜¤ì‚¬ì—° ë…¸í›„ìƒí™œ ë…¸í›„ì‚¬ì—° ë…¸í›„ì§€í˜œ ì˜¤ë””ì˜¤ë¶ ë…¸ì¸ì • ìš”ì–‘ì›,ë³´ë¦„ë‹¬ì¸ìƒ,107.0,0.0,0.0,0.0,0.3,0.3,0.4,0.2,0.8,"The video focuses on topics related to family conflicts, elder care, and senior living, which are typically of interest to older adults. The storytelling nature and content about parental relationships may attract more female viewers."
Nj3F_BO3VME,ë‚¨í¸ ë•Œë¬¸ì— ì†ì—ì„œ ì²œë¶ˆë“ì´ê³  ì‚¬ëŠ” ì‚¬ëŒë“¤ì—ê²Œ - ê¹€ì°½ì˜¥ [Q&A ep.24],ê¹€ì°½ì˜¥TV,714.0,0.0,0.05,0.1,0.15,0.3,0.4,0.1,0.9,"The content is focused on marital and personal life issues, which typically appeal to an older audience, particularly women. The humor and relationship advice aspect makes it more relatable to women in their 40s and 50s."
vuSjZ5Kkrvo,ğŸ’šë¶€ì¶”ì „ ë¬¼ë¡œ ë°˜ì£½í•˜ì§€ ë§ˆì„¸ìš” ì´ê²ƒìœ¼ë¡œ ë°˜ì£½í–ˆë”ë‹ˆ ëª¨ë‘ê°€ ê°íƒ„í•´ì„œ ì…ì´ ë²Œì–´ì§‘ë‹ˆë‹¤,í•¨ê»˜í•´ìš” ë§›ë‚˜ìš”ë¦¬,148.0,0.0,0.0,0.05,0.35,0.3,0.3,0.2,0.8,"The content is focused on homemade cooking (Korean pancake) which usually attracts female audience, especially those who are involved in cooking for family. The video likely appeals most to adults, particularly those aged 30 and above, who are interested in family meals and health."
5XYZKYIBkdA,"ì¹´ë ˆ ì´ë ‡ê²Œ í–ˆë”ë‹ˆ ë‚¨í¸,ì•„ì´ê°€ ë‘ê·¸ë¦‡ì”© ë¨¹ì–´ìš”ã…£ë°˜ì°¬ì´ í•„ìš”ì—†ëŠ” ì¹´ë ˆ ë ˆì‹œí”¼, ì•„ì´ë“¤ ìš”ë¦¬, êµ­ë¬¼ ì¹´ë ˆ, ì§‘ë°¥,ìš°ë¦¬ì§‘ ë³´ì–‘ì‹ ğŸ›",ì°¨ì˜ˆë ¨ chayeryun,118.0,0.05,0.1,0.1,0.5,0.2,0.05,0.1,0.9,"The video is about a home-cooked curry recipe focused on family dining, suggesting a primary audience of women, particularly mothers. The content fits well with 30s-40s, as it involves family cooking and parenting themes, appealing to those in family-oriented life stages."
0t8qA395BGo,[Playlist] ëŠë‚Œ ì¢‹ì€ ì—¬ìì•„ì´ëŒ ì¼€ì´íŒ ë…¸ë™ìš” í”Œë ˆì´ë¦¬ìŠ¤íŠ¸,ê¹€ë¡œë¼,228.0,0.0,0.15,0.55,0.25,0.05,0.0,0.1,0.9,"The video features a playlist of female K-pop idol songs, suggesting a strong appeal to younger females, particularly in their 20s. The channel name 'ê¹€ë¡œë¼' and the song lyrics further indicate a likely female audience, with an emphasis on themes popular among young women."
_ZZr9uvzFrQ,"ë§¨ë°œë¡œ ë„ë§ì¹˜ë‹¤ ë„ì™€ë‹¬ë¼ê³  ìš¸ë¶€ì§–ëŠ” ìˆœê°„, ìƒìƒëª»í•  ëŒ€ë°˜ì „ì— ì‹œëŒ ê°œë°•ì‚´ë‚¬ìŠµë‹ˆë‹¤.",ë‹¬ë‹¬ë‹¬ì¸ìƒì—¬í–‰,110.0,0.0,0.05,0.2,0.5,0.15,0.1,0.1,0.9,"The content focuses on personal struggles, marriage, and relationships, attracting mainly a female audience. It resonates with viewers in their 30s and 40s dealing with similar life stages."
m6oW0a6mO0o,"(ì‹ ì²­ì‚¬ì—°) ë™ì„œë‘ ë‹¨ë‘˜ì´ ì—¬í–‰ì„ ê°€ëŠ” ì¤‘ ê¸°ì°¨ ì•ˆì—ì„œ ë‚´ ë¬´ë¦ ìœ„ë¡œ ìŒë£Œë¥¼ ì—ì€ ìŠ¹ë¬´ì›ì´ ""ì£„ì†¡í•©ë‹ˆë‹¤""í•˜ê³  ê°‘ìê¸° ì‚¬ë¼ì¡Œê¸¸ë˜  [ì‚¬ì´ë‹¤ì‚¬ì—°][ê°ë™ì‚¬ì—°][ë¼ë””ì˜¤ ë“œë¼ë§ˆ][ì˜¤ë””ì˜¤ë¶]",ë„ë¼í•˜ì˜ ì‚¬ì—°ë“œë¼ë§ˆ,273.0,0.0,0.05,0.15,0.35,0.3,0.15,0.2,0.8,"This content is likely to appeal to an older female audience due to its focus on family dynamics and interpersonal conflicts, which resonate more with women, particularly those in their 30s and 40s. The storytelling and drama elements are also more appealing to this demographic."
gvGSK-wquYA,ë‹¨ 2ë§Œì›ìœ¼ë¡œ 30ë§Œì›ì§œë¦¬ í™”ì¥í’ˆ íš¨ê³¼ ë‚´ëŠ” ë²•! ê¿€ë¡œ ì£¼ë¦„ í´ê¸°ã…£í™”ì¥í’ˆíšŒì‚¬ì˜ ë¹„ë°€ï½œì¸ìƒì´ì•¼ê¸°ï½œì˜¤ë””ì˜¤ë¶ï½œì‚¶ì˜ ì§€í˜œ,ì§€í˜œì˜ ìƒ˜,162.0,0.0,0.0,0.05,0.3,0.3,0.35,0.2,0.8,"This video targets older audiences, particularly those interested in skincare and simple, natural remedies, indicated by the speaker's age and content focus on reducing wrinkles. Skincare and beauty topics typically attract a predominantly female audience, as seen in the script emphasizing traditional and natural beauty solutions."
zn1uTMDmPY8,ê³ ê´€ì ˆ ê³¨ì ˆ ì‚¬ë§ë¥  70% í”¼í•˜ëŠ” 'ìœ ì¼í•œ' ë°©ë²•! 50ëŒ€ë¶€í„° 'ì´ë ‡ê²Œ' ê´€ë¦¬í•˜ì„¸ìš”! - ìœ¤ì¬ì›… ì›ì¥,ê±´ë‚˜ë¬¼TV,286.0,0.0,0.0,0.0,0.1,0.2,0.7,0.1,0.9,"The video focuses on osteoporosis and hip fracture prevention, mainly targeting middle-aged and older adults, especially women, as indicated by the content and the speaker's emphasis on post-menopausal women. The channel and topic suggest a strong female audience due to the health and wellness focus on senior women."
KaRanB_t8gc,"ìœ ì§„, íƒœì˜ì˜ ë°˜ê°•ì œ(?) ë¯¸ë¼í´ ëª¨ë‹ (feat. ë¡œí¬, ë¡œë¦°)",ìœ ì§„VSíƒœì˜,237.0,0.05,0.05,0.1,0.4,0.3,0.1,0.2,0.8,"The content revolves around family life, morning routines, and child-related topics, appealing more to female audiences, especially mothers. The age distribution is higher in the 30s and 40s due to the parenting and family lifestyle focus, which typically attracts viewers in those age groups."
ATERNDAwyMU,"ã€ì¼ë³¸ì§‘ ë£¸íˆ¬ì–´ã€‘ì—­ì„¸ê¶Œ 18í‰ ë§¨ì…˜ì— ì‚¬ëŠ” 4ì¸ ê°€ì¡± ë¯¸ë‹ˆë©€ë¦¬ìŠ¤íŠ¸ | ì˜· 14ë²Œ, ì‹ ë°œ 3ì¼¤ë ˆê°€ ì „ë¶€ì¸ ì£¼ë¶€",ë¯¸ë‹ˆë©€ìœ ëª©ë¯¼,113.0,0.0,0.0,0.1,0.4,0.4,0.1,0.1,0.9,"The channel focuses on minimalism and family lifestyle, attracting a predominantly female audience interested in home organization and minimalist living. The content is likely to resonate with individuals in their 30s and 40s due to family and home-related themes."
servihgU6jM,ì• ì¸ ìˆì–´ ë³´ì´ëŠ” ì´ë¯¸ì§€,ì§§ì€ëŒ€ë³¸ ShortPaper,227.0,0.0,0.1,0.7,0.2,0.0,0.0,0.2,0.8,"The content revolves around relationships, dating, and social interactions typical of young adults. The casual, conversational style suggests a focus on 20-somethings, with a stronger appeal to female viewers interested in social and relationship topics."
mGjYGtddje4,ë…ìˆ˜ë¦¬ 5í˜•ì œë¥¼ ë¶€íƒí•´ğŸ”¥ë¯¸ì• ì•¼ ë‚´ë”¸ ì´ì œ ë°ë ¤ê°€! 27ë…„ì „ ì•½ì†í–ˆë˜ ë¹„ë°€! ë…ê³ ì„¸ë¦¬ ì¹œì—„ë§ˆëŠ” ì¬ë²ŒíšŒì¥ ì´ìœ ! 27íšŒ ë¦¬ë·° 28íšŒ ì˜ˆê³  í•˜ì´ë¼ì´íŠ¸ ë§ˆì§€ë§‰íšŒ #ë…ìˆ˜ë¦¬ì˜¤í˜•ì œë¥¼ë¶€íƒí•´,ë“œë¼ë§ˆ ë”¸ê¸°,269.0,0.0,0.0,0.15,0.45,0.3,0.1,0.2,0.8,"The channel focuses on drama reviews, typically attracting a female audience, particularly in the 30s to 40s age range. The storyline involves complex adult themes and relationships, which align with middle-aged viewers who are likely familiar with such content."
IeQwm3CQwrE,ì´ê²Œ ë˜ë„¤. MJâ™¥BH ë¶€ë¶€ì˜ ì œì£¼ë„ ì—¬í–‰ í›”ì³ë³´ê¸° *ì• ë“¤ì—†ì´ ë– ë‚¨,ì´ë¯¼ì • MJ,1008.0,0.0,0.0,0.3,0.4,0.2,0.1,0.2,0.8,"The channel 'ì´ë¯¼ì • MJ' suggests a personal and lifestyle focus, likely appealing more to women. The vlog-style content about a couple's trip and discussion on beauty and lifestyle suggests a primary audience of women in their 20s to 40s."
TZyH_ezC22U,í”¼ë¶€ê³¼ ì˜ì‚¬ê°€ ì•Œë ¤ì£¼ëŠ” ì–´ë””ì„œë„ ë“¤ì„ ìˆ˜ ì—†ë˜ ì§„ì§œ í”¼ë¶€ ë¹„ë²•ã…£ë¦¬í”„íŒ…ì‹œìˆ  ì—†ì´ í”¼ë¶€ë¥¼ íƒ±íƒ±í•˜ê²Œ ë§Œë“œëŠ” ë°”ì„¸ë¦° í™œìš©ë²•ã…£3ì²œì›ìœ¼ë¡œ 10ë…„ ì Šì–´ì§€ê¸°ã…£ì¸ìƒì´ì•¼ê¸°ï½œë…¸í›„ì§€í˜œï½œë…¸í›„ì‚¬ì—°ï½œì˜¤ë””ì˜¤ë¶,ì§€í˜œë°±ì„œ,473.0,0.0,0.0,0.05,0.15,0.3,0.5,0.2,0.8,"The content focuses on skincare tips for older adults, particularly using affordable products, appealing to women and older age groups. The script's emphasis on anti-aging aligns with the interests of those in their 40s and above, particularly women interested in beauty and skincare."
lLd6kz-By5M,ìš°ì¤‘ì‚°ê³¨!  ë–¡ì´ ë˜ëŠ” ë‚˜ë¬¼?,ì‚°ê³¨ì—¬ì Korean countryside life!,104.0,0.0,0.0,0.1,0.3,0.4,0.2,0.1,0.9,"The channel focuses on countryside life, gardening, and traditional Korean cooking, which typically attracts a mostly female audience. The content is suitable for viewers aged 30 and above, as it deals with rural living and home-based activities."
0uiUfkOygUg,[ì¹œì ˆí•œì„ ì£¼ì”¨] ì§„ê±´ì¶• êµ¬í•˜ëŠ” í•œë§Œì€ !! ì§„ìƒì•„ ì „ë‚¨ì§„ í‰ì‚¬ì› ì¶©ê²© ê°•ë“± !!,ë“œë¼ë§ˆ ì²œí’ì„ ,133.0,0.0,0.05,0.5,0.25,0.15,0.05,0.1,0.9,"The content is a dramatic family story with elements of personal relationships and emotional turmoil, common in soap operas and dramas typically appealing more to women. The complex narrative and themes likely attract a mature audience ranging from young adults to middle-aged viewers."
ia2Ph61bYzc,ROSÃ‰ - Messy (From F1Â® The Movie) [Official Music Video],ROSÃ‰,164.0,0.0,0.3,0.5,0.15,0.05,0.0,0.2,0.8,"The channel is by ROSÃ‰, a member of BLACKPINK, which is popular among teens and young adults, especially females. The song's romantic and emotional themes are likely to appeal more to a younger female audience."
z_3XxcolUVs,"1,2,3 IVE 6 EP.1",IVE,631.0,0.0,0.7,0.3,0.0,0.0,0.0,0.1,0.9,"The channel 'IVE' is related to a popular K-pop group, which often attracts teenage audiences. The content of the script focuses on a beauty and fashion competition, typically appealing more to female viewers."
2OlFvytR6Ws,ëŒ€í™˜ì¥ íŒŒí‹°,"ìš°ë¦¬ë™ë„¤ì‚°ë¶€ì¸ê³¼, ìš°ë¦¬ë™ì‚°",171.0,0.0,0.05,0.3,0.35,0.2,0.1,0.1,0.9,"This content is related to obstetrics and gynecology, typically appealing to women, particularly those in their 20s to 40s who are likely to be interested in or have experience with maternity and healthcare. The channel name and script suggest a focus on medical discussions, likely attracting a slightly older audience with a strong female skew."
NfHt0gStYLU,ì§„ì‹¬ì¸ì§€ ì–´ì¥ì¸ì§€ í™•ì¸í•˜ëŠ” ë²• | ì „ì©œë‹¹ (f.ì©œê·¸ë ˆ 9ê¶Œ ì¶œì‹œ),ë¯¼ì©Œë¯¸,492.0,0.0,0.2,0.6,0.15,0.05,0.0,0.2,0.8,"The content focuses on social interactions, relationship dynamics, and emotional storytelling, which tend to attract a female audience. The whimsical and narrative style appeals mostly to young adults in their 20s, with some interest from teenagers."
-23V0oW66E4,í—¤ì´ì§€ë‹ˆ ë”¸ ì§¸ìœ X ë„ë„ ë”¸ ì„œë±… ê¸°ì ì˜ ì²« ë§Œë‚¨ ğŸ’–,ë„ë„ralral,303.0,0.2,0.1,0.2,0.3,0.15,0.05,0.2,0.8,"The content involves parenting and interactions between children, which primarily attracts female viewers, especially mothers. The dialogue and interactions suggest a focus on family and childcare, appealing to 30-40-year-olds."
z-ikeEFmE0k,"ì§„ì§œ ì§œì¦ë‚˜ë„¤, ëˆ„ê°€ ì“°ëŠ” ê±°ì•¼ ëŒ€ì‚¬ ã… ã…  | ì‚°ë¶€ì¸ê³¼ ì „ë¬¸ì˜ê°€ ë¦¬ë·°í•˜ëŠ” 'ì–¸ì  ê°€ëŠ” ìŠ¬ê¸°ë¡œìš¸ ì „ê³µì˜ìƒí™œ' 8í™”",ìˆë¶€ì¸ê³¼,150.0,0.0,0.05,0.3,0.4,0.2,0.05,0.1,0.9,"The channel and content are focused on obstetrics and gynecology, which generally attracts a predominantly female audience. The age distribution suggests a primary audience of women in their 20s to 40s, likely due to the subject matter of medical discussions and reviews related to women's health."
w7n6KMGoMRE,[#ì‚¬ë‘ì˜ì½œì„¼íƒ€] íŠ¸ë¡¯ê³„ ëŒ€ëª¨ ê¹€ì—°ìì˜ ê¹œì§ ë“±ì¥! ê¹€ìš©ë¹ˆì˜ 'ì–´ë¨¸ë‹ˆì˜ ê³„ì ˆ'â™ª #TVCHOSUNJOY (TV CHOSUN 250508 ë°©ì†¡),TVCHOSUN JOY,126.0,0.0,0.0,0.1,0.2,0.4,0.3,0.2,0.8,"The content is related to a trot music program, typically appealing to older audiences, especially those over 40. Female viewers are more attracted to TV music shows, particularly those featuring famous trot singers like Kim Yeon-ja."
piHvm6BDUFg,í˜¹ì‹œ ë‚´ê°€ ê°±ë…„ê¸°? íê²½ê¸°? ì•Œë ¤ë“œë¦´ê²Œìš” #íê²½ê¸° #ê°±ë…„ê¸° #ì¡°ê¸°íê²½,Begin Again ê°•ë‚¨ì„¸ë€ì˜ì› (Seran Clinic),108.0,0.0,0.05,0.1,0.25,0.35,0.25,0.1,0.9,"The content discusses menopause and health issues related to women, which primarily interests women, particularly those in their 40s and 50s, as they are most likely experiencing these life stages. The channel 'Seran Clinic' and the medical nature of the video suggest a focus on health education, appealing mainly to adult women who are managing their health."
ZaYV0g8RM-8,60ì„¸ í”¼ë¶€ê³¼ ì˜ì‚¬ì˜ ê¿€íŒ© ë¹„ë²•ã…£ì£¼ë¦„ ê°œì„ Â·íƒ„ë ¥Â·ë³´ìŠµê¹Œì§€ ë‹¨ 3ì£¼ë©´ ë©ë‹ˆë‹¤ã…£í”¼ë¶€ê´€ë¦¬ã…£ê¿€íŒ©ã…£60ëŒ€í”¼ë¶€ê´€ë¦¬ã…£ë…¸í›„ì‚¬ì—°ã…£ë…¸í›„ì§€í˜œã…£ë…¸í›„ê±´ê°•ã…£,ë…¸í›„ì‚¬ì—°,162.0,0.0,0.0,0.0,0.0,0.2,0.8,0.1,0.9,"The video is focused on skincare tips from a 60-year-old dermatologist, targeting senior audiences concerned with aging skin. The channel name 'ë…¸í›„ì‚¬ì—°' and the content focus on aging issues suggest a predominantly older female audience."
qLj8ViMr5ag,ë©¸ì¹˜ ë³¶ì„ í•„ìš” ì—†ì–´ìš”. 30ì´ˆë©´ ëë‚©ë‹ˆë‹¤.âœ” í‰ìƒ ì¨ë¨¹ìœ¼ì„¸ìš”,íŒ”ìˆ™ì´ palsook,121.0,0.0,0.05,0.3,0.35,0.2,0.1,0.1,0.9,"This video is about an easy, time-saving cooking recipe, which typically attracts more female viewers, particularly those interested in home cooking and household tips. The age distribution leans towards 20-40 years as these age groups are more likely to be involved in meal preparation and home management."
1WKW5--K3aM,ë†“ì§€ ë§ˆ ì§€ë½ì´ë“¤ ì •ì‹ ì¤„!! ì—¬ëŸ¬ë¶„ ë””ì§€í„¸ ë””í†¡ìŠ¤ê°€ ì´ë ‡ê²Œë‚˜ ìœ„í—˜í•œ ê²ë‹ˆë‹¤ğŸ”¥ #highlight #ë¿…ë¿…ì§€êµ¬ì˜¤ë½ì‹¤3 EP.3,tvN Joy,148.0,0.0,0.25,0.45,0.2,0.1,0.0,0.2,0.8,"The content is from tvN Joy, known for its entertainment and reality shows, appealing mostly to 20s and 30s. The theme of digital detox and interactions indicates a higher interest among young adults, particularly females."
5pUQOhO0ecM,ì•„ì§ë„ ìƒì¶”ë¥¼ ìŒˆìœ¼ë¡œë§Œ ë“œì‹œë‚˜ìš”? ì´ë ‡ê²Œ í•´ë³´ì„¸ìš”,ê¹€ëŒ€ì„ ì…°í”„TV,172.0,0.0,0.05,0.2,0.35,0.3,0.1,0.2,0.8,"The channel focuses on home-cooked meal recipes, appealing more to women, particularly housewives and those interested in cooking. The dish is traditional and simple, attracting an older audience, mostly in their 30s to 40s."
J9EGfTxA1cE,ë‚¨ì‚¬ì¹œ ì—¬ì‚¬ì¹œì˜ ë‘ê·¼ë‘ê·¼ íŒŒìë§ˆ íŒŒí‹° ìœ í˜• (f.ì§„ì‹¤ê²Œì„),ë¯¼ì©Œë¯¸,146.0,0.0,0.6,0.35,0.05,0.0,0.0,0.2,0.8,"The video 'ë‚¨ì‚¬ì¹œ ì—¬ì‚¬ì¹œì˜ ë‘ê·¼ë‘ê·¼ íŒŒìë§ˆ íŒŒí‹° ìœ í˜•' from the channel 'ë¯¼ì©Œë¯¸' seems to target teenagers and young adults with its playful and social theme. The content, filled with games and social interactions, is likely to appeal to a predominantly female audience, as suggested by the scenarios and activities described."
V4e4xx3H2YM,"ğŸ‡ºğŸ‡¸ë¯¸êµ­ì¼ìƒ | í•œêµ­ ë©°ëŠë¦¬ë•ë¶„ì— í•œêµ­ìŒì‹ 100% ì ì‘í•œ ë¯¸êµ­ê°€ì¡±ë“¤ | ì• í˜¸ë°• ë¹„ë¹”êµ­ìˆ˜, ë¹„ë¹„íì¹˜í‚¨, ì´ì¼€ì•„, ê°ˆë¹„, ì‚¼ê²¹ì‚´, í•œì¸ë§ˆíŠ¸ ì¥ë³´ê¸°",ì¸ë””ì• ë‚˜ ì£¼ì˜ Indiana Jooyoung,121.0,0.0,0.05,0.25,0.4,0.25,0.05,0.2,0.8,"The channel appears to focus on family and lifestyle content, which typically attracts a female audience. The title and content suggest an interest in Korean family life, food, and culture, likely appealing to viewers in their 30s and 40s who have an interest in family life and multicultural experiences."
Xh2qx7PaDXk,ì œëŒ€ë¡œ ì°¸êµìœ¡ ë‹¹í•œ ë‚¨ë¯¸ìƒˆ,ë¯¸ìŠ¤í…Œë¦¬ ìš°ì²´í†µ,192.0,0.0,0.1,0.5,0.3,0.1,0.0,0.2,0.8,"The channel name 'ë¯¸ìŠ¤í…Œë¦¬ ìš°ì²´í†µ' suggests a focus on mystery or storytelling, appealing mostly to young adults. The title and script focus on social interactions, likely attracting mostly younger women interested in relationships and drama."
KNPy5lz88Io,ì–´ì¥ê´€ë¦¬ëŠ” ì•ˆí•´ ğŸŸ,"ìš°ë¦¬ë™ë„¤ì‚°ë¶€ì¸ê³¼, ìš°ë¦¬ë™ì‚°",109.0,0.0,0.1,0.4,0.3,0.15,0.05,0.15,0.85,"The channel name and script suggest a focus on hospital drama, likely appealing to women interested in medical narratives. The content's discussions on relationships and hospital events resonate with viewers in their 20s and 30s, typically seeking entertainment and adult themes."
5sP_Wm1IK1c,ë“œë””ì–´ ë„ë„ë‹˜ê³¼ ì„œë±…ì´ë¥¼ ë§Œë‚œ ì§¸ìœ ë„¤ ğŸ¤©â¤ï¸â€ğŸ”¥,í˜œì§„ì“° Hyejin's,469.0,0.05,0.05,0.2,0.35,0.25,0.1,0.1,0.9,"The content is focused on family life, parenting, and daily vlogs, which generally attract a predominantly female audience. The script suggests a focus on family and parenting themes, attracting viewers in their 30s and 40s who are likely to relate to such topics."
4RqTyvL1Inw,"(ì‹ ì²­ì‚¬ì—°) ì‹œëŒì—ì„œ ì•„ì´ ì¬ìš¸ë ¤ê³  ìì¥ê°€ë¥¼ í¥ì–¼ê±°ë ¸ë”ë‹ˆ, ì‹œì–´ë¨¸ë‹ˆê»˜ì„œ ëˆˆì´ íœ˜ë‘¥ê·¸ë ˆì ¸ ë‚´ê²Œ ë¬¼ì–´ë³´ëŠ”ë° "" ê·¸ ìì¥ê°€.. ëˆ„ê°€ [ì‚¬ì´ë‹¤ì‚¬ì—°][ê°ë™ì‚¬ì—°][ë¼ë””ì˜¤ ë“œë¼ë§ˆ][ì˜¤ë””ì˜¤ë¶]",ë„ë¼í•˜ì˜ ì‚¬ì—°ë“œë¼ë§ˆ,338.0,0.0,0.05,0.1,0.4,0.3,0.15,0.1,0.9,"The channel 'ë„ë¼í•˜ì˜ ì‚¬ì—°ë“œë¼ë§ˆ' focuses on emotional and family-related narratives, typically attracting a mostly female audience. The script deals with marriage, family, and in-law dynamics, appealing primarily to women, especially in their 30s and 40s."
goa43JRu-oU,ë™ì„± ì¹œêµ¬ë“¤ì€ ì¢‹ì•„í•´ë„ ë‚¨ìë“¤ì€ ì‹«ì–´í•  ì„±ê²©,ì£¼ë‘¥ì´ë°©ì†¡,106.0,0.0,0.05,0.75,0.15,0.05,0.0,0.1,0.9,"The content focuses on relationship and personality topics, which typically attract a predominantly female audience, especially young women in their 20s. The script suggests a focus on social interactions and self-improvement, aligning with 20-something contexts."
Lz2XV2pXD8s,"9í™” í•˜ì´ë¼ì´íŠ¸ï½œì •ì¤€ì›ì˜ ë§ˆìŒì„ í™•ì¸í•œ ê³ ìœ¤ì •, ì§ì‚¬ë‘ ëë‚´ê³  ìŒë°© ë¡œë§¨ìŠ¤! #ì–¸ì  ê°€ëŠ”ìŠ¬ê¸°ë¡œìš¸ì „ê³µì˜ìƒí™œ EP.9",tvN DRAMA,185.0,0.0,0.1,0.6,0.25,0.05,0.0,0.2,0.8,"The channel 'tvN DRAMA' is known for K-drama content, which often attracts a female audience. The romantic storyline in the video is likely to appeal to viewers in their 20s and 30s, especially females."
j5sOODcDqK0,ğŸ’¥êµ­ë¬¼ë§›ì´ ëë‚´ì£¼ëŠ” ì²œì—°ì†Œí™”ì œ  ì—´ë¬´ ì–¼ê°ˆì´ ë¬¼ê¹€ì¹˜,"ìš¸ì‚°ëŒì˜ ì˜¤ëŠ˜ì €ë…, K-mom's cuisine",110.0,0.0,0.0,0.1,0.4,0.3,0.2,0.1,0.9,"The channel 'ìš¸ì‚°ëŒì˜ ì˜¤ëŠ˜ì €ë…, K-mom's cuisine' focuses on Korean home cooking, appealing to women, especially housewives. The detailed and traditional recipe of making mul-kimchi suggests an audience mainly in their 30s to 50s, who are more likely to be interested in such content."
wF1tZd-5fPc,"ì Šì€ ì—¬ìì™€ ë¶ˆë¥œ ì €ì§€ë¥¸ ë‚¨í¸ì„ ë°•ì‚´ë‚´ë²„ë¦¬ê¸°ë¡œ ê²°ì‹¬í–ˆìŠµë‹ˆë‹¤ [ì¸ìƒì‚¬ì—°, ë…¸í›„ì‚¬ì—°]",í¬ë§ì˜ ë“±ëŒ€,140.0,0.0,0.05,0.1,0.3,0.35,0.2,0.2,0.8,"The channel seems to focus on life stories, likely attracting more mature audiences interested in relationship dramas. The narrative style and themes suggest a higher probability of female viewers."
7pLE2ANN9LI,60ì„¸ ì´í›„ì— ì´ 6ê°€ì§€ ìƒ‰ì€ ë” ëŠ™ì–´ë³´ì—¬ìš”ã…£ë˜ë˜ë³´ë‹¤ 10ë…„ ì Šì–´ ë³´ì´ëŠ” ìµœê³ ì˜ ìŠ¤íƒ€ì¼ ê°€ì´ë“œ!ã…£ì‹œë‹ˆì–´íŒ¨ì…˜ã…£ì¤‘ë…„íŒ¨ì…˜ ã…£ë…¸í›„ ìŠ¤íƒ€ì¼,ì§€í˜œì˜ì±„ë„TV,149.0,0.0,0.0,0.05,0.1,0.25,0.6,0.1,0.9,"The video focuses on senior fashion and style tips aimed at looking younger, which is primarily of interest to women in their 50s and older. The content is tailored towards a mature audience who is concerned about aging and fashion, hence the skew towards older and female demographics."
DcRihGCOLlE,á„‰á…¥á†¯á„…á…¦á„‚á…³á†« á„Šá…¥á†¯ í’€ë©´ì„œ ë©”ì´í¬ì—…,ë‹¤ì¸ì´ê³µ,127.0,0.0,0.15,0.65,0.15,0.05,0.0,0.1,0.9,"The video combines makeup with personal stories, which heavily appeals to young adult women interested in beauty and lifestyle vlogs. The channel name 'ë‹¤ì¸ì´ê³µ' doesn't indicate a known brand, suggesting a smaller, potentially niche audience."
GUlIhJXIreA,"ë™ëŒ€ë¬¸ ê°”ë‹¤ê°€ 5ê³³ ëŒì•„ë‹¤ë‹ˆëŠ” ìì·¨ì¼ìƒ. ë¯¸ë‚˜ë¦¬ë¼ì›Œ í•­ì •ì‚´ ë¨¹ê¸°.ë§Œì„ë‹­ê°•ì •, ë¯¸ë‚˜ë¦¬ ì†Œê³ ê¸°ë°¥",planDí”Œëœë””,114.0,0.0,0.1,0.25,0.4,0.2,0.05,0.2,0.8,"The video features a daily vlog focusing on cooking and lifestyle, which typically appeals to women, especially those in their 30s to 40s. The detailed cooking and shopping elements suggest a more mature audience interested in home-life content."
OQP3VGnyNAc,(ì‹ ì²­ì‚¬ì—°) 25ë…„ ì „ ê°€ì •ì„ ë²„ë¦¬ê³  ì‚¬ë¼ì¡Œë˜ ì—„ë§ˆê°€ ì‚¬ëŒì„ ì‹œì¼œ ë‚´ ê²°í˜¼ì‹ì— ë´‰íˆ¬ë¥¼ ë³´ë‚´ê¸¸ë˜ ì¶•ì˜ê¸ˆ ê°™ì•„ì„œ ì“°ë ˆê¸°í†µì— ë²„ë¦´ë ¤ê³  [ì‚¬ì´ë‹¤ì‚¬ì—°][ê°ë™ì‚¬ì—°][ë¼ë””ì˜¤ ë“œë¼ë§ˆ][ì˜¤ë””ì˜¤ë¶],ë„ë¼í•˜ì˜ ì‚¬ì—°ë“œë¼ë§ˆ,568.0,0.0,0.05,0.4,0.35,0.15,0.05,0.2,0.8,"The channel focuses on dramatic storytelling, which typically attracts a female audience. The content's themes of family and marriage issues appeal to older age groups, primarily in their 20s to 30s."
OR86o5XMgSE,"ë§Œ4ì‚´, 9ê°œì›”. ì–‘ ì† ì§ 50kg, ë°°ë‚­ 10kg ë“¤ê³  ì¼í•˜ë©´ì„œ ì• ë‘˜ê³¼ ìœ ëŸ½ì—¬í–‰ğŸ‡®ğŸ‡¹~ğŸ‡¨ğŸ‡­ ì´íƒˆë¦¬ì•„ - ìŠ¤ìœ„ìŠ¤ğŸ¶ ë˜ëŠ”ëŒ€ë¡œ ê°€ë´~~~",yoovlog,348.0,0.0,0.0,0.2,0.4,0.3,0.1,0.2,0.8,"The content of the video is centered around family travel with young children, which typically attracts a female audience, particularly mothers. The trip's organization and family aspects appeal mostly to viewers in their 30s and 40s, likely parents themselves."
b6MJuR4iQB4,"ì´ˆë³´ ë†ë¶€ ì´ì˜ì í…ƒë°­ì— ìƒì¶” ì‹¬ê³  ë¨¹ëŠ” ê¿€ë§› ìƒˆì°¸ (ì–‘ë…ê²Œì¥,ë ˆëª¬ì—ì´ë“œ,í‘ìˆ˜ë°•,í† ë§ˆí†  ë§ˆë¦¬ë„¤ì´ë“œ)",ì´ì˜ì TV,237.0,0.0,0.0,0.2,0.3,0.3,0.2,0.2,0.8,"The content revolves around farming and traditional cooking, appealing to older audiences. The host seems to focus on lifestyle and home gardening, which usually attracts more female viewers."
7Jtq5Qqhc68,ê³ ì§€í˜ˆì¦ í™˜ìê°€ ë¬´ì¡°ê±´ ëŠì–´ì•¼ í•  ìµœì•…ì˜ ìŒì‹ 3ê°€ì§€ | ê³ ì§€í˜ˆì¦ì— ì¢‹ì€ ìš´ë™ | í–‰ë³µí•œ ë…¸í›„ | ë…¸í›„ì‚¬ì—° | ë…¸í›„ì§€í˜œï½œì‚¶ì˜ ì§€í˜œ,ì§€í˜œì˜ ìƒ˜,101.0,0.0,0.0,0.0,0.1,0.2,0.7,0.2,0.8,"The content focuses on health and lifestyle changes for seniors, particularly addressing high cholesterol issues commonly found in older adults. The channel and video theme suggest a higher interest among women, especially those concerned with family health and caregiving."
TrvnzyY4Bqs,ë†€ëŸ¬ê°€ì„œ ì‹œì•„ë²„ë‹˜ ì¹´ë“œë¥¼ ê³„ì† ê¸ì–´ë²„ë¦°ë‹¤ë©´?,ìˆœìì—„ë§ˆ,214.0,0.0,0.0,0.0,0.3,0.4,0.3,0.2,0.8,"This channel 'ìˆœìì—„ë§ˆ' is likely focused on family or lifestyle content, often appealing to a female audience. The script emphasizes family interactions, which typically attracts viewers in the 30-50+ age range, particularly women."
n6y4-z6hFaY,"ë¶€ì¶”ì— ""ì´ê±¸"" ë„£ì—ˆë”ë‹ˆ ë‹¤ë¥¸ ë°˜ì°¬ì€ ì³ë‹¤ë„ ì•ˆë´…ë‹ˆë‹¤",ê¹€ëŒ€ì„ ì…°í”„TV,198.0,0.0,0.05,0.15,0.35,0.35,0.1,0.2,0.8,"The channel focuses on homemade Korean cooking, which typically appeals more to women, especially those interested in home cooking and family meals. The age distribution leans towards 30-40s as these demographics are more likely to be interested in practical, everyday cooking recipes."
pNPyglygVv8,"ë“œë””ì–´ ì •í•´ì§„ íŒ”ë³µì´ì˜ ì´ë¦„, ê·¸ë¦¬ê³  ì´ìˆ˜ë¯¼ ì¸ìƒ ì²« ë‚´ì§„ê³¼ ë‹¨ë°œ..(feat.ì—­ëŒ€ê¸‰ ì´ë²¤íŠ¸)",ì•„ë½€TV,137.0,0.0,0.0,0.3,0.4,0.2,0.1,0.2,0.8,"The script and title focus on topics like pregnancy, childbirth, and skincare, attracting mostly women in their 20s and 30s. Additionally, the content about family and parenting suggests a significant audience in their 30s to 40s."
